id,title,intro,poster,pubdate,url,rating,genres,star,comment,tags,star_time,card
35575567,沙丘2,,https://dou.img.lithub.cc/movie/35575567.jpg,2024-03-08(中国大陆),https://movie.douban.com/subject/35575567/,8.2,"剧情,动作,科幻",4,继续继续。,,2024-03-26 17:37:46,2024 / 美国 加拿大 / 剧情 动作 科幻 冒险 / 丹尼斯·维伦纽瓦 / 提莫西·查拉梅 赞达亚
36151692,周处除三害,,https://dou.img.lithub.cc/movie/36151692.jpg,2024-03-01(中国大陆),https://movie.douban.com/subject/36151692/,8.1,"动作,犯罪",3,远不如期待的好看，一部纯粹但缺乏逻辑的爽片，单一个黑道教母就说不通啊，别说一身重伤掀翻棺材板了。黑道上打打杀杀多少还是得讲点规矩的。,,2024-03-02 00:19:04,2023 / 中国台湾 / 动作 犯罪 / 黄精甫 / 阮经天 袁富华
36369452,飞驰人生2,,https://dou.img.lithub.cc/movie/36369452.jpg,2024-02-10(中国大陆),https://movie.douban.com/subject/36369452/,7.7,"剧情,喜剧,运动",5,就这节奏，五星支持啊。,,2024-02-22 23:19:00,2024 / 中国大陆 / 剧情 喜剧 运动 / 韩寒 / 沈腾 范丞丞
35712804,首尔之春,,https://dou.img.lithub.cc/movie/35712804.jpg,2023-11-22(韩国),https://movie.douban.com/subject/35712804/,8.8,剧情,5,好像必须得给五星了。,,2024-02-12 23:42:24,2023 / 韩国 / 剧情 / 金成洙 / 黄政民 郑雨盛
35725869,年会不能停！,,https://dou.img.lithub.cc/movie/35725869.jpg,2023-12-29(中国大陆),https://movie.douban.com/subject/35725869/,8.1,"剧情,喜剧",4,这片子太俗了，大鹏就总能整哭我，这就是人性？,,2024-01-10 19:16:45,2023 / 中国大陆 / 剧情 喜剧 / 董润年 / 大鹏 白客
36654105,特雷弗·诺亚：说到哪了,,https://dou.img.lithub.cc/movie/36654105.jpg,2023-12-19(美国网络),https://movie.douban.com/subject/36654105/,7.4,脱口秀,4,崔娃的段子有点儿炉火纯青了。,,2023-12-30 23:21:40,2023 / 美国 / 脱口秀 / 戴维·保罗·迈耶 / 特雷弗·诺亚 尼尔·戴蒙
27001001,生活大爆炸 第十二季,,https://dou.img.lithub.cc/movie/27001001.jpg,2018-09-24(美国),https://movie.douban.com/subject/27001001/,9.7,"喜剧,爱情",5,,,2023-12-28 13:39:25,2018 / 美国 / 喜剧 爱情 / 马克·森卓斯基 / 吉姆·帕森斯 约翰尼·盖尔克奇
27000999,生活大爆炸 第十一季,,https://dou.img.lithub.cc/movie/27000999.jpg,2017-09-25(美国),https://movie.douban.com/subject/27000999/,9.5,"喜剧,爱情",5,,,2023-12-28 13:39:08,2017 / 美国 / 喜剧 爱情 / 马克·森卓斯基 / 吉姆·帕森斯 凯莉·库柯
25845401,生活大爆炸 第十季,,https://dou.img.lithub.cc/movie/25845401.jpg,2016-09-19(美国),https://movie.douban.com/subject/25845401/,9.3,喜剧,5,,,2023-12-28 13:38:52,2016 / 美国 / 喜剧 / 马克·森卓斯基 / 约翰尼·盖尔克奇 吉姆·帕森斯
25845400,生活大爆炸 第九季,,https://dou.img.lithub.cc/movie/25845400.jpg,2015-09-21(美国),https://movie.douban.com/subject/25845400/,9.2,喜剧,5,,,2023-12-28 13:38:32,2015 / 美国 / 喜剧 / 马克·森卓斯基 / 约翰尼·盖尔克奇 吉姆·帕森斯
25845393,生活大爆炸 第八季,,https://dou.img.lithub.cc/movie/25845393.jpg,2014-09-22(美国),https://movie.douban.com/subject/25845393/,9.2,喜剧,5,,,2023-12-28 13:38:17,2014 / 美国 / 喜剧 / 马克·森卓斯基 / 吉姆·帕森斯 约翰尼·盖尔克奇
21339708,生活大爆炸 第七季,,https://dou.img.lithub.cc/movie/21339708.jpg,2013-09-27(美国),https://movie.douban.com/subject/21339708/,9.3,喜剧,5,,,2023-12-28 13:37:58,2013 / 美国 / 喜剧 / 马克·森卓斯基 / 约翰尼·盖尔克奇 吉姆·帕森斯
10561953,生活大爆炸 第六季,,https://dou.img.lithub.cc/movie/10561953.jpg,2012-09-27(美国),https://movie.douban.com/subject/10561953/,9.1,喜剧,5,,,2023-12-28 13:37:38,2012 / 美国 / 喜剧 / 马克·森卓斯基 / 约翰尼·盖尔克奇 吉姆·帕森斯
6557005,生活大爆炸  第五季,,https://dou.img.lithub.cc/movie/6557005.jpg,2011-09-22(美国),https://movie.douban.com/subject/6557005/,9.2,喜剧,5,,,2023-12-28 13:37:19,2011 / 美国 / 喜剧 / 马克·森卓斯基 / 约翰尼·盖尔克奇 吉姆·帕森斯
4804079,生活大爆炸  第四季,,https://dou.img.lithub.cc/movie/4804079.jpg,2010-09-23(美国),https://movie.douban.com/subject/4804079/,9.3,喜剧,5,,,2023-12-28 13:37:03,2010 / 美国 / 喜剧 / 马克·森卓斯基 / 约翰尼·盖尔克奇 吉姆·帕森斯
3990470,生活大爆炸  第三季,,https://dou.img.lithub.cc/movie/3990470.jpg,2009-09-21(美国),https://movie.douban.com/subject/3990470/,9.4,喜剧,5,,,2023-12-28 13:36:45,2009 / 美国 / 喜剧 / 马克·森卓斯基 / 约翰尼·盖尔克奇 吉姆·帕森斯
3190880,生活大爆炸  第二季,,https://dou.img.lithub.cc/movie/3190880.jpg,2008-09-22(美国),https://movie.douban.com/subject/3190880/,9.5,喜剧,5,,,2023-12-28 13:36:27,2008 / 美国 / 喜剧 / 查克·罗瑞 比尔·布拉迪 / 吉姆·帕森斯 约翰尼·盖尔克奇
2156528,生活大爆炸  第一季,,https://dou.img.lithub.cc/movie/2156528.jpg,2007-09-24(美国),https://movie.douban.com/subject/2156528/,9.5,喜剧,5,,,2023-12-28 13:35:59,2007 / 美国 / 喜剧 / 詹姆斯·伯罗斯 / 吉姆·帕森斯 约翰尼·盖尔克奇
35208463,三大队,,https://dou.img.lithub.cc/movie/35208463.jpg,2023-12-15(中国大陆),https://movie.douban.com/subject/35208463/,7.6,"剧情,犯罪",3,真的是平平无奇，唯一能说的可能是剧本还算老实？,,2023-12-20 07:36:02,2023 / 中国大陆 / 剧情 犯罪 / 戴墨 / 张译 李晨
1291838,红猪,,https://dou.img.lithub.cc/movie/1291838.jpg,2023-11-17(中国大陆),https://movie.douban.com/subject/1291838/,8.6,"喜剧,动画,冒险",5,再不给我今年就一个五星没有了。,,2023-11-25 05:20:53,1992 / 日本 / 喜剧 动画 冒险 / 宫崎骏 / 森山周一郎 加藤登纪子
35256092,河边的错误,,https://dou.img.lithub.cc/movie/35256092.jpg,2023-10-21(中国大陆),https://movie.douban.com/subject/35256092/,7.2,"剧情,犯罪",4,这才有点电影儿那个味了。,,2023-10-26 13:52:46,2023 / 中国大陆 / 剧情 犯罪 / 魏书钧 / 朱一龙 曾美慧孜
35588177,漫长的季节,,https://dou.img.lithub.cc/movie/35588177.jpg,2023-04-22(中国大陆),https://movie.douban.com/subject/35588177/,9.4,"剧情,家庭,犯罪",4,去库存，后面也许可以剪单位更好。最浪漫最要命的东西都有了。,,2023-10-22 23:18:54,2023 / 中国大陆 / 剧情 家庭 犯罪 / 辛爽 / 范伟 秦昊
35432345,不虚此行,,https://dou.img.lithub.cc/movie/35432345.jpg,2023-09-09(中国大陆),https://movie.douban.com/subject/35432345/,7,剧情,3,方阿姨家里那一段，寥寥人生记载，故事全在。,,2023-09-14 13:36:46,2023 / 中国大陆 / 剧情 / 刘伽茵 / 胡歌 吴磊
35936087,鹊刀门传奇,,https://dou.img.lithub.cc/movie/35936087.jpg,2023-08-18(中国大陆),https://movie.douban.com/subject/35936087/,8.2,"剧情,喜剧,动作",4,有的看就看，有的乐就乐。,,2023-09-13 16:47:33,2023 / 中国大陆 / 剧情 喜剧 动作 武侠 古装 / 唐铁军 吴迪 / 赵本山 宋小宝
35660795,消失的她,,https://dou.img.lithub.cc/movie/35660795.jpg,2023-06-22(中国大陆),https://movie.douban.com/subject/35660795/,6.2,"悬疑,犯罪",3,这部片子应该可以作为「漏洞百出」的定义了。朱一龙的青筋爆气，爆是爆了，力道不对啊，当然，倪妮还是我喜欢的那个倪妮。看人就够了，看什么戏。,,2023-09-08 13:32:33,2022 / 中国大陆 / 悬疑 犯罪 / 崔睿 刘翔 / 朱一龙 倪妮
35267224,孤注一掷,,https://dou.img.lithub.cc/movie/35267224.jpg,2023-08-08(中国大陆),https://movie.douban.com/subject/35267224/,6.9,"剧情,犯罪",3,,,2023-08-23 23:29:41,2023 / 中国大陆 / 剧情 犯罪 / 申奥 / 张艺兴 金晨
10604086,封神第一部：朝歌风云,,https://dou.img.lithub.cc/movie/10604086.jpg,2023-07-20(中国大陆),https://movie.douban.com/subject/10604086/,7.8,"动作,战争,奇幻",4,,,2023-08-23 23:29:14,2023 / 中国大陆 / 动作 战争 奇幻 古装 / 乌尔善 / 费翔 李雪健
35901878,疯狂元素城,,https://dou.img.lithub.cc/movie/35901878.jpg,2023-06-16(美国/中国大陆),https://movie.douban.com/subject/35901878/,7,"剧情,喜剧,科幻",4,嘟嘟进电影院看的第一部电影，值得纪念一下。,,2023-07-02 10:36:44,2023 / 美国 / 剧情 喜剧 科幻 动画 奇幻 冒险 / 彼得·孙 / 莉娅·刘易斯 马莫多·阿西
35738421,气垫传奇,,https://dou.img.lithub.cc/movie/35738421.jpg,2023-03-18(西南偏南电影节),https://movie.douban.com/subject/35738421/,7.5,"剧情,传记,运动",4,还是这种标准的工业制作，好莱坞流水线作品，好看一点点。而且有我太爱的两个演员了。,,2023-05-26 00:08:38,2023 / 美国 / 剧情 传记 运动 / 本·阿弗莱克 / 马特·达蒙 杰森·贝特曼
26258779,银河护卫队3,,https://dou.img.lithub.cc/movie/26258779.jpg,2023-05-05(美国/中国大陆),https://movie.douban.com/subject/26258779/,8.3,"喜剧,动作,科幻",4,还是要谈爱的。,,2023-05-12 00:27:38,2023 / 美国 / 喜剧 动作 科幻 惊悚 冒险 / 詹姆斯·古恩 / 克里斯·帕拉特 佐伊·索尔达娜
36200057,克里斯·洛克：选择性愤怒,,https://dou.img.lithub.cc/movie/36200057.jpg,2023-03-04(美国网络),https://movie.douban.com/subject/36200057/,7.7,"喜剧,脱口秀",4,没有想象中的 High 啊，但确实算是站着把这 2000 万给赚了，最喜欢唠家常那部分，女儿和妈妈的段落，不光是好笑，还是感动到我了。,,2023-05-07 21:58:15,2023 / 美国 / 喜剧 脱口秀 / 乔尔·加兰 / 克里斯·洛克
34941536,宇宙探索编辑部,,https://dou.img.lithub.cc/movie/34941536.jpg,2023-04-01(中国大陆),https://movie.douban.com/subject/34941536/,8,"喜剧,科幻",4,师徒几人西行寻找生命的解释，这壳套的不错。,,2023-04-12 13:53:06,2021 / 中国大陆 / 喜剧 科幻 / 孔大山 / 杨皓宇 艾丽娅
35457272,保你平安,,https://dou.img.lithub.cc/movie/35457272.jpg,2023-03-10(中国大陆),https://movie.douban.com/subject/35457272/,7.7,"剧情,喜剧",4,一直在进步，一直在努力。但是网大电影的感觉还是太重了，副线不够丰满。大鹏值得加一星。,,2023-03-09 07:37:22,2022 / 中国大陆 / 剧情 喜剧 / 大鹏 / 大鹏 李雪琴
35766491,满江红,,https://dou.img.lithub.cc/movie/35766491.jpg,2023-01-22(中国大陆),https://movie.douban.com/subject/35766491/,7,"剧情,喜剧,悬疑",4,这套娃是我的菜，后面感觉是导演玩起来了。这故事，还不能想太多呢。,,2023-01-22 23:20:56,2023 / 中国大陆 / 剧情 喜剧 悬疑 古装 / 张艺谋 / 沈腾 易烊千玺
3042261,西线无战事,,https://dou.img.lithub.cc/movie/3042261.jpg,2022-09-12(多伦多电影节),https://movie.douban.com/subject/3042261/,8.5,"剧情,动作,战争",3,给不到四星了，几个镜头和音乐，特别毁感觉。,,2023-01-07 23:40:48,2022 / 德国 美国 英国 / 剧情 动作 战争 / 爱德华·贝尔格 / 费利克斯·卡默雷尔 阿尔布雷希特·舒赫
35503125,还是觉得你最好,,https://dou.img.lithub.cc/movie/35503125.jpg,2022-09-09(中国大陆),https://movie.douban.com/subject/35503125/,7.3,"喜剧,爱情",3,挺灵动的。,,2023-01-04 00:31:37,2022 / 中国香港 / 喜剧 爱情 / 陈咏燊 / 黄子华 邓丽欣
3233635,功夫熊猫2,,https://dou.img.lithub.cc/movie/3233635.jpg,2011-05-28(中国大陆),https://movie.douban.com/subject/3233635/,8.1,"喜剧,动作,动画",4,嘟嘟第二部,,2022-12-18 09:22:50,2011 / 美国 / 喜剧 动作 动画 冒险 / 吕寅荣 / 杰克·布莱克 安吉丽娜·朱莉
1783457,功夫熊猫,,https://dou.img.lithub.cc/movie/1783457.jpg,2008-06-20(中国大陆),https://movie.douban.com/subject/1783457/,8.2,"喜剧,动作,动画",5,嘟嘟第一部。,,2022-12-18 09:22:13,2008 / 美国 / 喜剧 动作 动画 冒险 / 马克·奥斯本 约翰·斯蒂文森 / 杰克·布莱克 达斯汀·霍夫曼
35073886,分手的决心,,https://dou.img.lithub.cc/movie/35073886.jpg,2022-05-23(戛纳电影节),https://movie.douban.com/subject/35073886/,7.6,"剧情,悬疑,犯罪",4,这剧挺绝。,,2022-11-26 23:10:47,2022 / 韩国 / 剧情 悬疑 犯罪 / 朴赞郁 / 汤唯 朴海日
34951007,风骚律师 第六季,,https://dou.img.lithub.cc/movie/34951007.jpg,2022-04-18(美国),https://movie.douban.com/subject/34951007/,9.7,"剧情,犯罪",5,连轰四集，收尾。,,2022-11-06 09:11:27,2022 / 美国 / 剧情 犯罪 / 迈克尔·莫里斯 戈登·史密斯 吉安卡罗·埃斯波西托 蕾亚·塞洪 皮特·古尔德 托马斯·施纳泽 文斯·吉里根 / 鲍勃·奥登科克 乔纳森·班克斯
30285826,风骚律师 第五季,,https://dou.img.lithub.cc/movie/30285826.jpg,2020-02-23(美国),https://movie.douban.com/subject/30285826/,9.7,"剧情,犯罪",5,,,2022-11-06 09:10:50,2020 / 美国 / 剧情 犯罪 / 布朗温·休斯 诺维托·巴尔瓦 迈克尔·莫里斯 戈登·史密斯 吉姆·麦凯 梅丽莎·伯恩斯坦 文斯·吉里根 托马斯·施纳泽 皮特·古尔德 / 鲍勃·奥登科克 乔纳森·班克斯
27077785,风骚律师 第四季,,https://dou.img.lithub.cc/movie/27077785.jpg,2018-08-06(美国),https://movie.douban.com/subject/27077785/,9.5,"剧情,犯罪",5,,,2022-11-06 09:10:32,2018 / 美国 / 剧情 犯罪 / 明基·斯皮罗 米歇尔·麦克拉伦 丹尼尔·沙克海姆 约翰·施班 迈克尔·莫里斯 安德鲁·斯坦顿 黛博拉·周 吉姆·麦凯 文斯·吉里根 亚当·伯恩斯坦 / 鲍勃·奥登科克 乔纳森·班克斯
26748847,风骚律师 第三季,,https://dou.img.lithub.cc/movie/26748847.jpg,2017-04-10(美国),https://movie.douban.com/subject/26748847/,9.6,"剧情,犯罪",5,,,2022-11-06 09:10:12,2017 / 美国 / 剧情 犯罪 / 文斯·吉里根 约翰·施班 托马斯·施纳泽 丹尼尔·沙克海姆 基斯·戈登 亚当·伯恩斯坦 明基·斯皮罗 皮特·古尔德 / 鲍勃·奥登科克 乔纳森·班克斯
25976733,风骚律师 第二季,,https://dou.img.lithub.cc/movie/25976733.jpg,2016-02-15(美国),https://movie.douban.com/subject/25976733/,9.5,"剧情,犯罪",5,,,2022-11-06 09:09:55,2016 / 美国 / 剧情 犯罪 / 托马斯·施纳泽 泰瑞·麦克多诺 斯科特·怀南特 亚当·伯恩斯坦 约翰·施班 迈克尔·斯洛维斯 科林·巴克西 拉尔沙·康达基 皮特·古尔德 文斯·吉里根 / 鲍勃·奥登科克 乔纳森·班克斯
35460157,人生大事,,https://dou.img.lithub.cc/movie/35460157.jpg,2022-06-24(中国大陆),https://movie.douban.com/subject/35460157/,7.3,"剧情,家庭",4,大事儿一下子来得太多了点儿，不过可以支持一波，毕竟现在连拍正常人正常事儿的都没几个了。,,2022-08-27 23:06:31,2022 / 中国大陆 中国香港 / 剧情 家庭 / 刘江江 / 朱一龙 杨恩又
25726259,风骚律师 第一季,,https://dou.img.lithub.cc/movie/25726259.jpg,2015-02-08(美国),https://movie.douban.com/subject/25726259/,9.3,"剧情,喜剧,犯罪",5,真的就看进去了，进去了。,,2022-08-22 23:42:05,2015 / 美国 / 剧情 喜剧 犯罪 / 文斯·吉里根 米歇尔·麦克拉伦 泰瑞·麦克多诺 科林·巴克西 妮可·卡索 亚当·伯恩斯坦 拉尔沙·康达基 托马斯·施纳泽 皮特·古尔德 / 鲍勃·奥登科克 蕾亚·塞洪
25845392,长津湖,,https://dou.img.lithub.cc/movie/25845392.jpg,2021-09-30(中国大陆),https://movie.douban.com/subject/25845392/,7.4,"剧情,历史,战争",3,40分钟，弃。,,2022-08-21 09:12:29,2021 / 中国大陆 中国香港 / 剧情 历史 战争 / 陈凯歌 徐克 林超贤 / 吴京 易烊千玺
1293799,壮志凌云,,https://dou.img.lithub.cc/movie/1293799.jpg,1986-05-16(美国),https://movie.douban.com/subject/1293799/,7.6,"剧情,动作",3,就特别阳光，特别美式。,,2022-08-18 23:31:39,1986 / 美国 / 剧情 动作 / 托尼·斯科特 / 汤姆·克鲁斯 凯莉·麦吉利斯
6952149,绝命毒师  第五季,,https://dou.img.lithub.cc/movie/6952149.jpg,2012-07-15(美国),https://movie.douban.com/subject/6952149/,9.7,"剧情,犯罪",5,可以封神了。,,2022-08-10 08:42:43,2012 / 美国 / 剧情 犯罪 / 迈克尔·斯洛维斯 米歇尔·麦克拉伦 亚当·伯恩斯坦 莱恩·约翰逊 乔治·马斯塔斯 科林·巴克西 托马斯·施纳泽 布莱恩·克兰斯顿 山姆·卡特林 皮特·古尔德 文斯·吉里根 / 布莱恩·克兰斯顿 亚伦·保尔
4927382,绝命毒师  第四季,,https://dou.img.lithub.cc/movie/4927382.jpg,2011-07-17(美国),https://movie.douban.com/subject/4927382/,9.5,"剧情,犯罪",4,,,2022-08-08 02:02:03,2011 / 美国 / 剧情 犯罪 / 亚当·伯恩斯坦 米歇尔·麦克拉伦 大卫·斯雷德 科林·巴克西 迈克尔·斯洛维斯 皮特·古尔德 约翰·伦克 泰瑞·麦克多诺 斯科特·怀南特 文斯·吉里根 / 布莱恩·克兰斯顿 亚伦·保尔
35183042,独行月球,,https://dou.img.lithub.cc/movie/35183042.jpg,2022-07-29(中国大陆),https://movie.douban.com/subject/35183042/,6.6,"喜剧,科幻",4,我相信科技是可以改变世界的，但一定需要人类的智慧，和爱。,,2022-08-05 15:12:11,2022 / 中国大陆 / 喜剧 科幻 / 张吃鱼 / 沈腾 马丽
4256328,绝命毒师  第三季,,https://dou.img.lithub.cc/movie/4256328.jpg,2010-03-21(美国),https://movie.douban.com/subject/4256328/,9.3,"剧情,犯罪",5,好看。,,2022-08-02 21:02:02,2010 / 美国 / 剧情 犯罪 / 布莱恩·克兰斯顿 亚当·伯恩斯坦 米歇尔·麦克拉伦 斯科特·怀南特 约翰·伦克 约翰·施班 科林·巴克西 迈克尔·斯洛维斯 莱恩·约翰逊 文斯·吉里根 / 布莱恩·克兰斯顿 亚伦·保尔
3586996,绝命毒师  第二季,,https://dou.img.lithub.cc/movie/3586996.jpg,2009-03-08(美国),https://movie.douban.com/subject/3586996/,9.3,"剧情,犯罪",5,本来还说1.25倍速看完去看《律师》，现在一点儿也舍不得快进了。,,2022-07-24 22:51:08,2009 / 美国 / 剧情 犯罪 / 亚当·伯恩斯坦 米歇尔·麦克拉伦 布莱恩·克兰斯顿 查尔斯·海德 泰瑞·麦克多诺 约翰·达尔 约翰·伦克 彼得·梅达克 费利克斯·恩里克斯·阿尔科拉 菲尔·亚伯拉罕 科林·巴克西 / 布莱恩·克兰斯顿 亚伦·保尔
1292328,东邪西毒,,https://dou.img.lithub.cc/movie/1292328.jpg,1994-09-17(中国大陆),https://movie.douban.com/subject/1292328/,8.6,"剧情,动作,爱情",,,,2022-07-23 14:29:47,1994 / 中国香港 中国台湾 / 剧情 动作 爱情 武侠 古装 / 王家卫 / 张国荣 林青霞
1297863,武状元苏乞儿,,https://dou.img.lithub.cc/movie/1297863.jpg,1992-12-17(中国香港),https://movie.douban.com/subject/1297863/,8.2,"喜剧,动作,武侠",,,,2022-07-23 14:29:46,1992 / 中国香港 / 喜剧 动作 武侠 古装 / 陈嘉上 / 周星驰 张敏
1299745,破坏之王,,https://dou.img.lithub.cc/movie/1299745.jpg,1994-02-03(中国香港),https://movie.douban.com/subject/1299745/,7.9,"喜剧,动作",,,,2022-07-23 14:29:38,1994 / 中国香港 / 喜剧 动作 / 李力持 / 周星驰 吴孟达
1297747,少林足球,,https://dou.img.lithub.cc/movie/1297747.jpg,2001-07-12(中国香港),https://movie.douban.com/subject/1297747/,8.1,"喜剧,动作,运动",,,,2022-07-23 14:29:34,2001 / 中国香港 / 喜剧 动作 运动 / 周星驰 / 周星驰 吴孟达
1306712,开心鬼撞鬼,,https://dou.img.lithub.cc/movie/1306712.jpg,1986-07-03(中国香港),https://movie.douban.com/subject/1306712/,7.5,"喜剧,奇幻",,,,2022-07-23 14:29:24,1986 / 中国香港 / 喜剧 奇幻 / 杜琪峰 / 黄百鸣 张曼玉
1307694,无间道3：终极无间,,https://dou.img.lithub.cc/movie/1307694.jpg,2003-12-12(中国大陆),https://movie.douban.com/subject/1307694/,8.2,"剧情,惊悚,犯罪",,,,2022-07-23 14:29:20,2003 / 中国大陆 中国香港 / 剧情 惊悚 犯罪 / 刘伟强 麦兆辉 / 梁朝伟 刘德华
1302090,逃学威龙,,https://dou.img.lithub.cc/movie/1302090.jpg,1991-07-18(中国香港),https://movie.douban.com/subject/1302090/,8.1,"喜剧,动作,爱情",,,,2022-07-23 14:29:14,1991 / 中国香港 / 喜剧 动作 爱情 / 陈嘉上 / 周星驰 张敏
1296436,有话好好说,,https://dou.img.lithub.cc/movie/1296436.jpg,1997-05-16(中国大陆),https://movie.douban.com/subject/1296436/,8.5,"剧情,喜剧",,,,2022-07-23 14:29:10,1997 / 中国大陆 / 剧情 喜剧 / 张艺谋 / 姜文 李保田
1300566,赌侠,,https://dou.img.lithub.cc/movie/1300566.jpg,1990-12-13(中国香港),https://movie.douban.com/subject/1300566/,7.9,"剧情,喜剧",,,,2022-07-23 14:28:58,1990 / 中国香港 / 剧情 喜剧 / 王晶 / 刘德华 周星驰
1292287,新龙门客栈,,https://dou.img.lithub.cc/movie/1292287.jpg,2012-02-24(中国大陆),https://movie.douban.com/subject/1292287/,8.7,"动作,爱情,武侠",,,,2022-07-23 14:28:57,1992 / 中国香港 中国大陆 / 动作 爱情 武侠 古装 / 李惠民 / 张曼玉 林青霞
1296201,逃学威龙2,,https://dou.img.lithub.cc/movie/1296201.jpg,1992-04-09(中国香港),https://movie.douban.com/subject/1296201/,7.9,喜剧,,,,2022-07-23 14:28:45,1992 / 中国香港 / 喜剧 / 陈嘉上 / 周星驰 张敏
1307739,国产凌凌漆,,https://dou.img.lithub.cc/movie/1307739.jpg,1994-10-13(中国香港),https://movie.douban.com/subject/1307739/,8.4,"喜剧,动作",,,,2022-07-23 14:28:44,1994 / 中国香港 / 喜剧 动作 / 李力持 周星驰 / 周星驰 袁咏仪
30340038,吉祥,,https://dou.img.lithub.cc/movie/30340038.jpg,2018-11-10(金马影展),https://movie.douban.com/subject/30340038/,7.8,"剧情,家庭",,,,2022-07-23 14:28:42,2018 / 中国大陆 / 剧情 家庭 / 大鹏 / 王吉祥 刘陆
1853621,落叶归根,,https://dou.img.lithub.cc/movie/1853621.jpg,2007-01-19(中国大陆),https://movie.douban.com/subject/1853621/,8.5,"剧情,喜剧",,,,2022-07-23 14:28:39,2007 / 中国大陆 中国香港 / 剧情 喜剧 / 张杨 / 赵本山 郭德纲
1299680,整蛊专家,,https://dou.img.lithub.cc/movie/1299680.jpg,1991-02-02(中国香港),https://movie.douban.com/subject/1299680/,8,"喜剧,爱情",,,,2022-07-23 14:28:38,1991 / 中国香港 / 喜剧 爱情 / 王晶 / 刘德华 周星驰
1299059,倚天屠龙记之魔教教主,,https://dou.img.lithub.cc/movie/1299059.jpg,1993-12-18(中国香港),https://movie.douban.com/subject/1299059/,7.9,"动作,奇幻,武侠",,,,2022-07-23 14:28:22,1993 / 中国香港 中国大陆 / 动作 奇幻 武侠 古装 / 王晶 / 李连杰 张敏
1297447,倩女幽魂,,https://dou.img.lithub.cc/movie/1297447.jpg,2011-04-30(中国大陆),https://movie.douban.com/subject/1297447/,8.8,"爱情,奇幻,武侠",,,,2022-07-23 14:28:18,1987 / 中国香港 / 爱情 奇幻 武侠 古装 / 程小东 / 张国荣 王祖贤
1862151,疯狂的石头,,https://dou.img.lithub.cc/movie/1862151.jpg,2006-06-30(中国大陆),https://movie.douban.com/subject/1862151/,8.6,"喜剧,犯罪",,,,2022-07-23 14:28:16,2006 / 中国大陆 中国香港 / 喜剧 犯罪 / 宁浩 / 郭涛 刘桦
1300064,家有喜事,,https://dou.img.lithub.cc/movie/1300064.jpg,1992-01-25(中国香港),https://movie.douban.com/subject/1300064/,8.5,"剧情,喜剧,爱情",,,,2022-07-23 14:28:08,1992 / 中国香港 / 剧情 喜剧 爱情 家庭 / 高志森 / 张国荣 周星驰
2286012,苗翠花,,https://dou.img.lithub.cc/movie/2286012.jpg,1997-03-24(中国香港),https://movie.douban.com/subject/2286012/,7.9,"剧情,喜剧,武侠",,,,2022-07-23 14:28:05,1997 / 中国香港 / 剧情 喜剧 武侠 古装 / 萧显辉 / 关咏荷 江华
1297710,天若有情,,https://dou.img.lithub.cc/movie/1297710.jpg,1990-06-14(中国香港),https://movie.douban.com/subject/1297710/,8.4,"剧情,动作,爱情",,,,2022-07-23 14:27:52,1990 / 中国香港 / 剧情 动作 爱情 / 陈木胜 / 刘德华 吴倩莲
1300883,赌神,,https://dou.img.lithub.cc/movie/1300883.jpg,1989-12-14(中国香港),https://movie.douban.com/subject/1300883/,8.5,"剧情,喜剧",,,,2022-07-23 14:27:49,1989 / 中国香港 / 剧情 喜剧 / 王晶 / 周润发 刘德华
1307914,无间道,,https://dou.img.lithub.cc/movie/1307914.jpg,2003-09-05(中国大陆),https://movie.douban.com/subject/1307914/,9.3,"剧情,惊悚,犯罪",,,,2022-07-23 14:27:45,2002 / 中国香港 / 剧情 惊悚 犯罪 / 刘伟强 麦兆辉 / 刘德华 梁朝伟
1307106,无间道2,,https://dou.img.lithub.cc/movie/1307106.jpg,2003-10-17(中国大陆),https://movie.douban.com/subject/1307106/,8.7,"剧情,惊悚,犯罪",,,,2022-07-23 14:27:43,2003 / 中国香港 / 剧情 惊悚 犯罪 / 刘伟强 麦兆辉 / 陈冠希 余文乐
1295409,纵横四海,,https://dou.img.lithub.cc/movie/1295409.jpg,1991-02-02(中国香港),https://movie.douban.com/subject/1295409/,8.8,"剧情,喜剧,动作",,,,2022-07-23 14:27:41,1991 / 中国香港 / 剧情 喜剧 动作 犯罪 / 吴宇森 / 周润发 张国荣
1325007,蓝色星球 第一季,,https://dou.img.lithub.cc/movie/1325007.jpg,2001-09-12(英国),https://movie.douban.com/subject/1325007/,9.6,纪录片,4,和小朋友又解锁一部纪录片，但是涉及到动物的部分，基本上就是猎杀…感觉还是不适合太小的朋友看。,,2022-07-22 13:56:38,2001 / 英国 / 纪录片 / 艾雷斯泰·法瑟吉尔 / 皮尔斯·布鲁斯南 大卫·爱登堡
2373195,绝命毒师 第一季,,https://dou.img.lithub.cc/movie/2373195.jpg,2008-01-20(美国),https://movie.douban.com/subject/2373195/,9.2,"剧情,犯罪",4,确实挺好看，开了1.25倍速的话。,,2022-07-22 13:55:27,2008 / 美国 / 剧情 犯罪 / 亚当·伯恩斯坦 文斯·吉里根 翠西亚·布洛克 蒂姆·亨特 吉姆·麦凯 布朗温·休斯 / 布莱恩·克兰斯顿 亚伦·保尔
2027938,神探,,https://dou.img.lithub.cc/movie/2027938.jpg,2008-02-22(中国大陆),https://movie.douban.com/subject/2027938/,8.5,"动作,悬疑,惊悚",5,原来还有港版和内地版的区别？,,2022-07-10 02:51:54,2007 / 中国香港 / 动作 悬疑 惊悚 犯罪 / 杜琪峰 韦家辉 / 刘青云 安志杰
35192111,掮客,,https://dou.img.lithub.cc/movie/35192111.jpg,2022-05-26(戛纳电影节),https://movie.douban.com/subject/35192111/,6.7,剧情,4,还是那个味道。,,2022-07-07 23:27:50,2022 / 韩国 / 剧情 / 是枝裕和 / 宋康昊 姜栋元
30304994,奇异博士2：疯狂多元宇宙,,https://dou.img.lithub.cc/movie/30304994.jpg,2022-05-04(中国台湾),https://movie.douban.com/subject/30304994/,6.3,"动作,科幻,恐怖",3,热闹大发了，就没意思了。,,2022-06-24 22:09:57,2022 / 美国 / 动作 科幻 恐怖 奇幻 冒险 / 山姆·雷米 / 本尼迪克特·康伯巴奇 伊丽莎白·奥尔森
34603375,史前星球 第一季,,https://dou.img.lithub.cc/movie/34603375.jpg,2022-05-23(美国),https://movie.douban.com/subject/34603375/,9.3,"动画,纪录片,历史",5,记录一下，和嘟嘟比较正式看完的第一部纪录片。,,2022-06-17 00:17:19,2022 / 美国 英国 / 动画 纪录片 历史 / 亚当·瓦德兹 安德鲁·R·琼斯 / 大卫·爱登堡
1853770,密阳,,https://dou.img.lithub.cc/movie/1853770.jpg,2007-05-17(韩国),https://movie.douban.com/subject/1853770/,8,剧情,4,第一次看，不知道以后会不会再想起来二刷。加上宗教是盖了一层好被子，被子掀开，一只蚯蚓还是一地阳光呢。,,2022-06-17 00:10:08,2007 / 韩国 / 剧情 / 李沧东 / 全度妍 宋康昊
1297518,九品芝麻官,,https://dou.img.lithub.cc/movie/1297518.jpg,1994-03-31(中国香港),https://movie.douban.com/subject/1297518/,8.7,"剧情,喜剧,古装",5,补打。,,2022-06-05 09:50:52,1994 / 中国香港 中国大陆 / 剧情 喜剧 古装 / 王晶 / 周星驰 吴孟达
1291543,功夫,,https://dou.img.lithub.cc/movie/1291543.jpg,2004-12-23(中国大陆),https://movie.douban.com/subject/1291543/,8.8,"喜剧,动作,犯罪",5,补打。,,2022-06-05 09:50:37,2004 / 中国大陆 中国香港 / 喜剧 动作 犯罪 奇幻 / 周星驰 / 周星驰 元秋
1306249,唐伯虎点秋香,,https://dou.img.lithub.cc/movie/1306249.jpg,1993-07-01(中国香港),https://movie.douban.com/subject/1306249/,8.7,"喜剧,爱情,古装",5,补打。,,2022-06-05 09:50:21,1993 / 中国香港 / 喜剧 爱情 古装 / 李力持 / 周星驰 巩俐
1316510,射雕英雄传之东成西就,,https://dou.img.lithub.cc/movie/1316510.jpg,1993-02-05(中国香港),https://movie.douban.com/subject/1316510/,8.7,"喜剧,奇幻,武侠",5,补打,,2022-06-05 09:50:09,1993 / 中国香港 / 喜剧 奇幻 武侠 古装 / 刘镇伟 / 梁朝伟 林青霞
1302425,喜剧之王,,https://dou.img.lithub.cc/movie/1302425.jpg,1999-02-13(中国香港),https://movie.douban.com/subject/1302425/,8.8,"剧情,喜剧,爱情",5,补打,,2022-06-05 09:49:53,1999 / 中国香港 / 剧情 喜剧 爱情 / 周星驰 李力持 / 周星驰 张柏芝
1299398,大话西游之月光宝盒,,https://dou.img.lithub.cc/movie/1299398.jpg,2014-10-24(中国大陆),https://movie.douban.com/subject/1299398/,9,"喜剧,爱情,奇幻",5,补打,,2022-06-05 09:49:36,1995 / 中国香港 中国大陆 / 喜剧 爱情 奇幻 古装 / 刘镇伟 / 周星驰 吴孟达
3793023,三傻大闹宝莱坞,,https://dou.img.lithub.cc/movie/3793023.jpg,2011-12-08(中国大陆),https://movie.douban.com/subject/3793023/,9.2,"剧情,喜剧,爱情",4,补打,,2022-06-05 09:49:17,2009 / 印度 / 剧情 喜剧 爱情 歌舞 / 拉吉库马尔·希拉尼 / 阿米尔·汗 卡琳娜·卡普尔
35436582,爱，死亡和机器人 第三季,,https://dou.img.lithub.cc/movie/35436582.jpg,2022-05-20(美国),https://movie.douban.com/subject/35436582/,8.5,"喜剧,科幻,动画",4,每集都太短了，看完搞了9个NFT。,,2022-05-21 09:51:24,2022 / 美国 / 喜剧 科幻 动画 恐怖 短片 奇幻 / 帕特里克·奥斯本 大卫·芬奇 埃米莉·迪恩 罗伯特·比斯 安迪·里昂 吕寅荣 蒂姆·米勒 卡洛斯·史蒂文斯 杰罗姆·陈 阿尔贝托·米尔戈 / 乔什·布雷纳 加里·安东尼·威廉斯
30314848,瞬息全宇宙,,https://dou.img.lithub.cc/movie/30314848.jpg,2022-03-11(西南偏南电影节),https://movie.douban.com/subject/30314848/,7.6,"喜剧,奇幻,冒险",4,套壳艺术，倒是难得。A24是不是好莱坞最后的希望了？,,2022-05-19 00:02:03,2022 / 美国 / 喜剧 奇幻 冒险 / 关家永 丹尼尔·施纳特 / 杨紫琼 许玮伦
1308865,老男孩,,https://dou.img.lithub.cc/movie/1308865.jpg,2003-11-21(韩国),https://movie.douban.com/subject/1308865/,8.3,"剧情,动作,悬疑",3,好多亮点，但我喜欢不起来。,,2022-05-15 01:05:31,2003 / 韩国 / 剧情 动作 悬疑 惊悚 / 朴赞郁 / 崔岷植 刘智泰
1851857,蝙蝠侠：黑暗骑士,,https://dou.img.lithub.cc/movie/1851857.jpg,2008-07-14(纽约首映),https://movie.douban.com/subject/1851857/,9.2,"剧情,动作,科幻",4,讨论人性的超级英雄，怕狗。,,2022-05-14 01:57:52,2008 / 美国 英国 / 剧情 动作 科幻 惊悚 犯罪 / 克里斯托弗·诺兰 / 克里斯蒂安·贝尔 希斯·莱杰
35048413,健听女孩,,https://dou.img.lithub.cc/movie/35048413.jpg,2021-01-29(圣丹斯电影节),https://movie.douban.com/subject/35048413/,8.6,"剧情,音乐",3,畅销书永远是畅销书的套路。,,2022-05-12 06:49:47,2021 / 美国 法国 加拿大 / 剧情 音乐 / 夏安·海德 / 艾米莉亚·琼斯 特洛伊·科特苏尔
1298911,遥远的桥,,https://dou.img.lithub.cc/movie/1298911.jpg,1977-06-15,https://movie.douban.com/subject/1298911/,8.2,"剧情,历史,战争",4,二战尾声的一场错误指挥“市场花园行动”。非常尊重历史的作品，以及永远可以用来反思战争。,,2022-05-07 15:48:57,1977 / 美国 英国 / 剧情 历史 战争 / 理查德·阿滕伯勒 / 德克·博加德 爱德华·福克斯
35337517,四海,,https://dou.img.lithub.cc/movie/35337517.jpg,2022-02-01(中国大陆),https://movie.douban.com/subject/35337517/,5.3,"喜剧,动作,爱情",3,韩寒还是韩寒的风格，如果是小说，好过作品。,,2022-05-04 03:23:28,2022 / 中国大陆 / 喜剧 动作 爱情 / 韩寒 / 刘昊然 刘浩存
6424756,新蝙蝠侠,,https://dou.img.lithub.cc/movie/6424756.jpg,2022-03-18(中国大陆),https://movie.douban.com/subject/6424756/,7.2,"剧情,动作,悬疑",4,测试 Notion ，未看。,,2022-05-03 22:54:47,2022 / 美国 / 剧情 动作 悬疑 犯罪 / 马特·里夫斯 / 罗伯特·帕丁森 佐伊·克罗维兹
34885342,人生切割术 第一季,,https://dou.img.lithub.cc/movie/34885342.jpg,2022-02-18(美国),https://movie.douban.com/subject/34885342/,9.1,"剧情,科幻,悬疑",5,该有的全有了，胃口吊足，坐等下一季。,,2022-04-20 13:08:12,2022 / 美国 / 剧情 科幻 悬疑 惊悚 / 本·斯蒂勒 伊费·麦卡德尔 / 亚当·斯科特 扎克·切利
35312437,奇迹·笨小孩,,https://dou.img.lithub.cc/movie/35312437.jpg,2022-02-01(中国大陆),https://movie.douban.com/subject/35312437/,7.4,剧情,4,自从那堵墙塌了，我就再也没有抵抗力对待这样的片子。,,2022-04-15 08:44:22,2022 / 中国大陆 / 剧情 / 文牧野 / 易烊千玺 田雨
35505100,这个杀手不太冷静,,https://dou.img.lithub.cc/movie/35505100.jpg,2022-02-01(中国大陆),https://movie.douban.com/subject/35505100/,6.2,喜剧,3,,,2022-04-02 00:46:08,2022 / 中国大陆 / 喜剧 / 邢文雄 / 马丽 魏翔
35215390,狙击手,,https://dou.img.lithub.cc/movie/35215390.jpg,2022-02-01(中国大陆),https://movie.douban.com/subject/35215390/,7.7,"剧情,历史,战争",4,整挺好，不整那些没用的。,,2022-03-30 00:05:28,2022 / 中国大陆 / 剧情 历史 战争 / 张艺谋 张末 / 陈永胜 章宇
35284253,青春变形记,,https://dou.img.lithub.cc/movie/35284253.jpg,2022-03-11(美国网络),https://movie.douban.com/subject/35284253/,8,"喜剧,动画,奇幻",3,不能说拍得多好，但总能找到一个很好的角度讲故事。我们缺少的正是这种打开心扉的交流,,2022-03-13 23:20:41,2022 / 美国 / 喜剧 动画 奇幻 冒险 / 石之予 / 姜晋安 吴珊卓
35144311,雄狮少年,,https://dou.img.lithub.cc/movie/35144311.jpg,2021-12-17(中国大陆),https://movie.douban.com/subject/35144311/,8.3,"剧情,喜剧,动画",3,太像少林足球了。简单，有热血。加之我对动画作品就容易打高分。,,2022-02-05 23:20:58,2021 / 中国大陆 / 剧情 喜剧 动画 / 孙海鹏 / 大昕 大雄
1303145,薄荷糖,,https://dou.img.lithub.cc/movie/1303145.jpg,1999-10-14(釜山电影节),https://movie.douban.com/subject/1303145/,8.6,剧情,4,这故事往大了画真厉害啊，往小看又那么诗意，左边是美丽，右边是悲情。,,2022-02-03 00:09:03,1999 / 韩国 日本 / 剧情 / 李沧东 / 薛景求 文素丽
30359468,未知电影,,https://dou.img.lithub.cc/movie/30359468.jpg,,https://movie.douban.com/subject/30359468/,0,,4,看深夜灯火辉煌，不和解。,,2022-02-01 23:33:51,
35376457,爱情神话,,https://dou.img.lithub.cc/movie/35376457.jpg,2021-12-24(中国大陆),https://movie.douban.com/subject/35376457/,8.1,"剧情,喜剧,爱情",4,舒服的小片子，不知道什么时候拍的，人们不用戴口罩。故事就发生在生活里。,,2022-01-26 18:12:42,2021 / 中国大陆 / 剧情 喜剧 爱情 / 邵艺辉 / 徐峥 马伊琍
2157507,魔幻时刻,,https://dou.img.lithub.cc/movie/2157507.jpg,2008-06-07,https://movie.douban.com/subject/2157507/,8.1,喜剧,3,说不上来的傻傻的好笑。,,2022-01-22 23:45:26,2008 / 日本 / 喜剧 / 三谷幸喜 / 佐藤浩市 妻夫木聪
35235502,驾驶我的车,,https://dou.img.lithub.cc/movie/35235502.jpg,2021-07-11(戛纳电影节),https://movie.douban.com/subject/35235502/,7.9,剧情,4,非常喜欢，非常有新意。去探讨有限人生里的无限可能。大概我们只能从别人的作品里再活一次。或者说，真正活一次。,,2022-01-17 18:37:33,2021 / 日本 / 剧情 / 滨口龙介 / 西岛秀俊 三浦透子
33437152,犬之力,,https://dou.img.lithub.cc/movie/33437152.jpg,2021-09-02(威尼斯电影节),https://movie.douban.com/subject/33437152/,7.9,"剧情,同性,西部",4,很意外的片子，看到导演又觉得不太意外了。残酷少年的残酷。,,2022-01-05 13:28:01,2021 / 英国 澳大利亚 美国 加拿大 新西兰 / 剧情 同性 西部 / 简·坎皮恩 / 本尼迪克特·康伯巴奇 克斯汀·邓斯特
35101436,成瘾剂量,,https://dou.img.lithub.cc/movie/35101436.jpg,2021-10-13(美国),https://movie.douban.com/subject/35101436/,9.4,剧情,5,熬了两个晚上看完，又是一部历史是一座山，个人就是一粒灰的片子。最近也在追萨克勒家族的案子，虚虚实实结合起来，十分美妙。,,2021-12-20 07:28:17,2021 / 美国 / 剧情 / 巴瑞·莱文森 迈克尔·科斯塔 派翠西亚·里根 丹尼·斯特朗 / 迈克尔·基顿 彼得·萨斯加德
34658290,最后的决斗,,https://dou.img.lithub.cc/movie/34658290.jpg,2021-09-10(威尼斯电影节),https://movie.douban.com/subject/34658290/,8.3,"剧情,历史",5,纠结好久，总觉得离五星差一点点，但是真好看。,,2021-12-08 23:36:28,2021 / 美国 英国 / 剧情 历史 / 雷德利·斯科特 / 朱迪·科默 马特·达蒙
30159568,手卷烟,,https://dou.img.lithub.cc/movie/30159568.jpg,2021-06-17(中国香港),https://movie.douban.com/subject/30159568/,7.1,"剧情,犯罪",3,我是带着强烈偏好来看的，但是3星最多了，是不是有点儿过分江湖的理想主义了？,,2021-11-26 17:25:21,2020 / 中国香港 / 剧情 犯罪 / 陈健朗 / 林家栋 比平·卡玛
26897885,芬奇,,https://dou.img.lithub.cc/movie/26897885.jpg,2021-11-05(美国),https://movie.douban.com/subject/26897885/,8.4,"剧情,科幻",4,逻辑硬伤，人物出彩。,,2021-11-20 23:17:47,2021 / 美国 / 剧情 科幻 / 米格尔·萨普什尼克 / 汤姆·汉克斯 卡莱伯·兰德里·琼斯
34820925,钛,,https://dou.img.lithub.cc/movie/34820925.jpg,2021-07-13(戛纳电影节),https://movie.douban.com/subject/34820925/,6.4,"剧情,恐怖",3,我也不好打分，看了四十分钟实在看不下去，放弃了。,,2021-11-19 12:43:59,2021 / 法国 比利时 / 剧情 恐怖 / 朱利亚·迪库诺 / 文森特·林顿 阿加莎·罗塞勒
34812928,鱿鱼游戏 第一季,,https://dou.img.lithub.cc/movie/34812928.jpg,2021-09-17(韩国),https://movie.douban.com/subject/34812928/,7.7,"悬疑,惊悚",3,,,2021-11-16 23:41:33,2021 / 韩国 / 悬疑 惊悚 / 黄东赫 / 李政宰 朴海秀
3001114,沙丘,,https://dou.img.lithub.cc/movie/3001114.jpg,2021-10-22(美国/中国大陆),https://movie.douban.com/subject/3001114/,7.7,"剧情,科幻,冒险",4,这属于那种没法说不好看的片子，但是这作为连续剧的第一集是不是太长了点。,,2021-11-11 01:09:52,2021 / 美国 / 剧情 科幻 冒险 / 丹尼斯·维伦纽瓦 / 提莫西·查拉梅 丽贝卡·弗格森
26741632,X特遣队：全员集结,,https://dou.img.lithub.cc/movie/26741632.jpg,2021-07-28(法国),https://movie.douban.com/subject/26741632/,8,"喜剧,动作,科幻",2,我也不知道我为啥要看它。,,2021-11-03 23:06:25,2021 / 美国 加拿大 英国 / 喜剧 动作 科幻 冒险 / 詹姆斯·古恩 / 玛格特·罗比 伊德里斯·艾尔巴
35206452,脱口秀大会 第四季,,https://dou.img.lithub.cc/movie/35206452.jpg,2021-08-10(中国大陆),https://movie.douban.com/subject/35206452/,7.6,"喜剧,脱口秀",4,就是一场周老板的欢迎狂欢秀，然后周老板说了大实话，我们就是玩玩。,,2021-10-18 13:10:52,2021 / 中国大陆 / 喜剧 脱口秀 / 谭晓虹 / 李诞 大张伟
35344085,我在他乡挺好的,,https://dou.img.lithub.cc/movie/35344085.jpg,2021-07-19(中国大陆),https://movie.douban.com/subject/35344085/,8.1,"剧情,爱情",4,本来是奔着任素汐来的，结果收获了一个乔夕辰。,,2021-09-16 14:24:20,2021 / 中国大陆 / 剧情 爱情 / 李漠 / 周雨彤 任素汐
34874432,花束般的恋爱,,https://dou.img.lithub.cc/movie/34874432.jpg,2022-02-22(中国大陆),https://movie.douban.com/subject/34874432/,8.6,"剧情,爱情",4,大概国内是拍不出来这样的电影的，台湾有可能？没人知道。就这么谈谈情说说爱，几年就过去了。什么样的结局都淹没不了曾经的回忆，也改变不了一路走来的过程。,,2021-09-01 17:01:01,2021 / 日本 / 剧情 爱情 / 土井裕泰 / 菅田将晖 有村架纯
30419744,春江水暖,,https://dou.img.lithub.cc/movie/30419744.jpg,2020-08-21(中国大陆网络),https://movie.douban.com/subject/30419744/,7.3,"剧情,家庭",4,这样的电影，是肯定赚不到钱的吧？但是我想说，这片白茫茫大地，太多我们不了解的东西了，真想每个地方都去转转，认识一两个有意思的人啊。那段莫名其妙的游泳长镜头外加才艺展示，挺好的，就是有点儿多余。,,2021-07-23 17:24:55,2019 / 中国大陆 / 剧情 家庭 / 顾晓刚 / 杜红军 钱有法
27124695,智齿,,https://dou.img.lithub.cc/movie/27124695.jpg,2021-11-18(中国香港),https://movie.douban.com/subject/27124695/,7.2,"悬疑,犯罪",4,可能是我看得比较少，这种影响风格的电影少见，而电影里的人生百态倒是有很多吸引我的地方，即便没有这样一条串起来的案子作为主线，也足够震撼到我。这也是我常说的，观察社会的视角，多种多样，《智齿》一定是其中一个。,,2021-07-14 15:05:41,2021 / 中国香港 中国大陆 / 悬疑 犯罪 / 郑保瑞 / 林家栋 刘雅瑟
30441731,东城梦魇,,https://dou.img.lithub.cc/movie/30441731.jpg,2021-04-18(美国),https://movie.douban.com/subject/30441731/,8.8,"剧情,悬疑,犯罪",4,小城故事多，不止喜和乐。除了案子上的瑕疵，这样的剧真不错。,,2021-07-06 13:13:21,2021 / 美国 / 剧情 悬疑 犯罪 / 克雷格·卓贝 / 凯特·温丝莱特 埃文·彼得斯
35427471,九零后,,https://dou.img.lithub.cc/movie/35427471.jpg,2021-05-29(中国大陆),https://movie.douban.com/subject/35427471/,8,纪录片,3,这也算不上纪录片吧，整个就是个记录诗。但提到我心欢喜的沈从文和汪曾祺，傅斯年和陈寅恪，总是开心的。毕竟咱们还有那么个年代，是真的相信为XX崛起而读书的。,,2021-06-10 17:15:36,2021 / 中国大陆 / 纪录片 / 徐蓓 / 杨振宁 杨苡
34951210,阿依达，你往何处去？,,https://dou.img.lithub.cc/movie/34951210.jpg,2020-09-03(威尼斯电影节),https://movie.douban.com/subject/34951210/,7.9,"剧情,历史,战争",4,足够好了，不能再好了。我们怎么看待历史，拿什么看待历史，是一个需要反反复复拷问自己的问题。,,2021-06-04 12:42:00,2020 / 波黑 奥地利 罗马尼亚 荷兰 德国 波兰 法国 挪威 土耳其 / 剧情 历史 战争 / 亚斯米拉·日巴尼奇 / 雅丝娜·杜里契奇 伊兹丁·巴乔维奇
32493124,悬崖之上,,https://dou.img.lithub.cc/movie/32493124.jpg,2021-04-30(中国大陆),https://movie.douban.com/subject/32493124/,7.4,"剧情,动作,悬疑",4,中规中矩，工工整整。想不出别的评价了。,,2021-06-01 15:34:10,2021 / 中国大陆 中国香港 / 剧情 动作 悬疑 / 张艺谋 / 张译 于和伟
30428349,太阳召唤 第一季,,https://dou.img.lithub.cc/movie/30428349.jpg,2021-04-23(美国),https://movie.douban.com/subject/30428349/,7.3,"剧情,动作,奇幻",3,看到第三集我其实想弃了，不过还是挺下来了，我也不知道为什么。,,2021-05-21 14:04:59,2021 / 美国 / 剧情 动作 奇幻 / 梅尔西·阿尔马斯 李·托兰·克里格 / 洁西·梅·李 阿奇·雷诺
30279836,第十一回,,https://dou.img.lithub.cc/movie/30279836.jpg,2021-04-02(中国大陆),https://movie.douban.com/subject/30279836/,7.2,"剧情,喜剧",4,陈建斌就是个知识分子，这个时代需要知识分子，这个时代也不需要知识分子。,,2021-05-20 15:56:39,2019 / 中国大陆 / 剧情 喜剧 / 陈建斌 / 陈建斌 周迅
30464901,寻汉计,,https://dou.img.lithub.cc/movie/30464901.jpg,2021-05-01(中国大陆),https://movie.douban.com/subject/30464901/,5.9,喜剧,4,说实话，我就特喜欢这种小浪漫。王子川，这个名字也记住了。,,2021-05-16 00:57:05,2021 / 中国大陆 中国香港 / 喜剧 / 唐大年 / 任素汐 李保田
33432655,困在时间里的父亲,,https://dou.img.lithub.cc/movie/33432655.jpg,2021-06-18(中国大陆),https://movie.douban.com/subject/33432655/,8.6,剧情,4,创意、混乱、演技、视听空间，该有的都有了。差一星我也不知道差在哪儿了，总是觉得哪里还需要提一口气，可能是女儿的牙？为什么我老是关注她的牙？,,2021-04-29 14:05:22,2020 / 英国 法国 / 剧情 / 佛罗莱恩·泽勒 / 安东尼·霍普金斯 奥利维娅·科尔曼
30171424,拆弹专家2,,https://dou.img.lithub.cc/movie/30171424.jpg,2020-12-24(中国大陆),https://movie.douban.com/subject/30171424/,7.4,"动作,犯罪",4,优缺点明显，我的倪妮也算超常发挥了。,,2021-04-27 13:51:12,2020 / 中国大陆 中国香港 / 动作 犯罪 / 邱礼涛 / 刘德华 刘青云
1293632,春天的故事,,https://dou.img.lithub.cc/movie/1293632.jpg,1990-04-04,https://movie.douban.com/subject/1293632/,8.4,"剧情,喜剧,爱情",4,春天，应该就是故事开始的时候吧。,,2021-04-23 12:31:19,1990 / 法国 / 剧情 喜剧 爱情 / 埃里克·侯麦 / 安娜·特塞德雷 休格·奎斯特
30458949,无依之地,,https://dou.img.lithub.cc/movie/30458949.jpg,2020-09-11(威尼斯电影节),https://movie.douban.com/subject/30458949/,8.1,剧情,4,我是特意停了一天回来写评论了，这片子最大的价值，就是在看的过程中不断问自己，想说，我应该/也许/可能/将要如何读过我的余生？,,2021-04-21 09:02:41,2020 / 美国 / 剧情 / 赵婷 / 弗兰西斯·麦克多蒙德 大卫·斯特雷泽恩
34880302,人潮汹涌,,https://dou.img.lithub.cc/movie/34880302.jpg,2021-02-12(中国大陆),https://movie.douban.com/subject/34880302/,6.5,"喜剧,犯罪",3,万茜还是可以给大近景镜头的演员。故事还是说圆了的。,,2021-04-16 15:55:01,2021 / 中国大陆 中国香港 / 喜剧 犯罪 / 饶晓志 / 刘德华 肖央
30489388,蛛丝马迹,,https://dou.img.lithub.cc/movie/30489388.jpg,2021-01-29(美国),https://movie.douban.com/subject/30489388/,6.5,"剧情,惊悚,犯罪",3,太纠结了...你也不能说它就那么不好。这算是编剧行业新玩法？,,2021-04-01 14:29:37,2021 / 美国 / 剧情 惊悚 犯罪 / 约翰·李·汉考克 / 丹泽尔·华盛顿 拉米·马雷克
26752564,小伟,,https://dou.img.lithub.cc/movie/26752564.jpg,2021-01-22(中国大陆),https://movie.douban.com/subject/26752564/,7.5,"剧情,家庭",4,有点儿意思，又觉得哪里差点儿意思。我爸爸也去世了，如今我也成了一个爸爸，交织起来一想，既如梦如幻，有过于真实。,,2021-03-21 17:02:37,2019 / 中国大陆 / 剧情 家庭 / 黄梓 / 彭杏英 薛立贤
35096844,送你一朵小红花,,https://dou.img.lithub.cc/movie/35096844.jpg,2020-12-31(中国大陆),https://movie.douban.com/subject/35096844/,7.2,剧情,3,这俩演员都不错，是来拍戏，不是来闹笑话的。,,2021-03-05 16:42:23,2020 / 中国大陆 / 剧情 / 韩延 / 易烊千玺 刘浩存
35068230,吉祥如意,,https://dou.img.lithub.cc/movie/35068230.jpg,2021-01-29(中国大陆),https://movie.douban.com/subject/35068230/,7.7,"剧情,家庭",4,小城故事多，难分喜和乐。,,2021-02-28 22:56:14,2020 / 中国大陆 / 剧情 家庭 / 大鹏 / 王吉祥 大鹏
34805873,孤味,,https://dou.img.lithub.cc/movie/34805873.jpg,2020-11-06(中国台湾),https://movie.douban.com/subject/34805873/,8,"剧情,家庭",4,不提有多少导演的影子了，这个调调很好。我们总是想脱离一套，再来一套，不论是生活、理想还是制度，但总是忽略传统是用来继承的，脑子里总是先入为主去批判。可生活还是人与人之间啊，亲情，友情，爱情，杂糅成一段关系，一个家庭。我们耗费了那么多的时间和精力，它已经不是一个事儿了，它是一段生命。,,2021-02-26 13:58:49,2020 / 中国台湾 / 剧情 家庭 / 许承杰 / 陈淑芳 谢盈萱
34902639,同学麦娜丝,,https://dou.img.lithub.cc/movie/34902639.jpg,2020-11-20(中国台湾),https://movie.douban.com/subject/34902639/,7.9,"剧情,喜剧",5,是我的台湾版「独自等待」了。,,2021-02-24 14:02:28,2020 / 中国台湾 / 剧情 喜剧 / 黄信尧 / 施名帅 郑人硕
34841067,你好，李焕英,,https://dou.img.lithub.cc/movie/34841067.jpg,2021-02-12(中国大陆),https://movie.douban.com/subject/34841067/,7.7,"剧情,喜剧,奇幻",4,三星半，喜剧的内核是悲剧，但不应该是催人泪下的那种悲剧。还有，永远不要拿自己的生活去创作，最高级的作品应该是解剖自己，而不是解剖生活。,,2021-02-17 00:41:27,2021 / 中国大陆 / 剧情 喜剧 奇幻 / 贾玲 / 贾玲 张小斐
1395091,未麻的部屋,,https://dou.img.lithub.cc/movie/1395091.jpg,1997-08-05(加拿大奇幻电影节),https://movie.douban.com/subject/1395091/,9.1,"动画,惊悚,奇幻",5,这片子让我写影评，我都写不出来。狠了狠了，虚虚实实，真真假假。,,2021-02-05 17:16:40,1997 / 日本 / 动画 惊悚 奇幻 / 今敏 / 岩男润子 松本梨香
1307394,千年女优,,https://dou.img.lithub.cc/movie/1307394.jpg,2001-07-28(加拿大奇幻电影节),https://movie.douban.com/subject/1307394/,8.8,"剧情,爱情,动画",4,每个人都有一个自己的母题，终身都在追逐这个母题。千代子是，今敏也是。,,2021-01-26 17:12:56,2001 / 日本 / 剧情 爱情 动画 / 今敏 / 庄司美代子 小山茉美
34869387,女人的碎片,,https://dou.img.lithub.cc/movie/34869387.jpg,2020-09-05(威尼斯电影节),https://movie.douban.com/subject/34869387/,7.8,剧情,5,"我给拉拉平均分吧，其实到不了五星。

一切关于爱情的电影，我都会套进爱在三部曲的标准里去看，它是我对于爱情的那条金线，甚至可以扩大到爱。《女人的碎片》则是极度放大了细节，开场 30 分钟的分娩过程，中场和母亲的飙戏，结尾部分的庭审，以及过程中恰到好处的忽略，让这部戏既有结实的骨架，又有坚定的灵魂。

我不认为这是一部大女主的戏，承载它的底座非常坚实，建立在爱情、亲情，以及家庭这个框架之内。她与母亲，与丈夫，与外界的眼光，所有的对立，都是那么无懈可击，一个短暂变成妈妈的女人，能做什么呢。

唯一的缺憾却也让我佩服的处理，是她的丈夫，那么无能，却那么真实，那么普通，那么大众。",,2021-01-25 12:41:04,2020 / 加拿大 匈牙利 美国 / 剧情 / 凯内尔·穆德卢佐 / 凡妮莎·柯比 希亚·拉博夫
1865703,红辣椒,,https://dou.img.lithub.cc/movie/1865703.jpg,2006-09-02(威尼斯电影节),https://movie.douban.com/subject/1865703/,9.1,"科幻,动画,悬疑",5,确实把我看服了，这个想象力和故事，导演还是人类么？,,2021-01-13 16:02:46,2006 / 日本 / 科幻 动画 悬疑 惊悚 / 今敏 / 林原惠美 江守彻
1310177,东京教父,,https://dou.img.lithub.cc/movie/1310177.jpg,2003-11-08(日本),https://movie.douban.com/subject/1310177/,9,"剧情,喜剧,动画",3,因为是动画所以可以有这么多巧合么？倒是也都说得过去。适合寒夜里、圣诞节，欢乐一下。人世间啊，还是有爱啊。,,2021-01-12 17:35:16,2003 / 日本 / 剧情 喜剧 动画 / 今敏 / 江守彻 梅垣义明
30257787,一秒钟,,https://dou.img.lithub.cc/movie/30257787.jpg,2020-11-27(中国大陆),https://movie.douban.com/subject/30257787/,7.6,剧情,3,这段历史，总得多留下一些故事吧，要不然，我们还能记住什么呢？,,2021-01-03 21:38:47,2020 / 中国大陆 / 剧情 / 张艺谋 / 张译 刘浩存
24733428,心灵奇旅,,https://dou.img.lithub.cc/movie/24733428.jpg,2020-12-25(中国大陆/美国网络),https://movie.douban.com/subject/24733428/,8.7,"动画,音乐,奇幻",4,吴主任说，「人这一生就是西西弗斯往山上滚巨石，没有取得完满的那一刻。实现了某个目标之后，获得短暂的喜悦和成就感，但更多的是满足之后直面未来的茫然。实现目标之后的空虚感强烈程度与成就大小成正比。只有立即定下更高的目标才能缓解这种虚无感，简单说就是又有事做了。没完没了，直到死去。失败了呢，失败是常态且必然带来痛苦和沮丧，有些人会因此陷入自责，开始各种自我怀疑。」但是，上山的每一天，花鸟鱼虫，蓝天白云都不一样啊。,,2021-01-02 17:29:38,2020 / 美国 / 动画 音乐 奇幻 / 彼特·道格特 凯普·鲍尔斯 / 杰米·福克斯 蒂娜·菲
33408026,刻在你心底的名字,,https://dou.img.lithub.cc/movie/33408026.jpg,2020-09-30(中国台湾),https://movie.douban.com/subject/33408026/,7.4,"剧情,同性",3,本来靠后 20 分钟能给三星半吧，但是前面那俩男孩长得太好看了，必须减半颗。不真实。,,2020-12-25 23:29:46,2020 / 中国台湾 / 剧情 同性 / 柳广辉 / 陈昊森 曾敬骅
27589933,风平浪静,,https://dou.img.lithub.cc/movie/27589933.jpg,2020-11-06(中国大陆),https://movie.douban.com/subject/27589933/,6.2,"剧情,爱情,犯罪",3,"差强人意。

但是李霄峰貌似一直在这个框架里讲故事，希望他能再多讲一些吧。我是来看宋佳的，但我最后只能非常生硬的为她的出现自圆其说。反正，只要说服了自己，片子就变成了一部好片。",,2020-12-21 16:13:16,2020 / 中国大陆 / 剧情 爱情 犯罪 / 李霄峰 / 章宇 宋佳
30128916,夺冠,,https://dou.img.lithub.cc/movie/30128916.jpg,2020-09-25(中国大陆),https://movie.douban.com/subject/30128916/,7.1,"剧情,运动",4,我希望看这部电影的人，能想一想当事人在当时情景中的感情会是怎样。我们可能即将、或者说已经丧失了信仰任何一种信念的能力，不论是女排精神，还是其他精神。,,2020-12-01 16:58:46,2020 / 中国大陆 / 剧情 运动 / 陈可辛 / 巩俐 黄渤
5265182,姑奶奶,,https://dou.img.lithub.cc/movie/5265182.jpg,2010-09-04(中国大陆),https://movie.douban.com/subject/5265182/,9,"纪录片,同性,音乐",4,人何以为人呢？谁有权利评定别人？,,2020-11-26 16:32:52,2010 / 中国大陆 / 纪录片 同性 音乐 传记 / 邱炯炯 / 樊其辉
1298672,阿玛柯德,,https://dou.img.lithub.cc/movie/1298672.jpg,1973-12-18(意大利),https://movie.douban.com/subject/1298672/,8.7,"剧情,喜剧",5,真的是少有的影像里闻到了文学味儿。,,2020-10-28 14:33:52,1973 / 意大利 法国 / 剧情 喜剧 / 费德里科·费里尼 / 普佩拉·玛奇奥 阿尔曼多·布兰恰
2609258,芝加哥七君子审判,,https://dou.img.lithub.cc/movie/2609258.jpg,2020-09-25(美国),https://movie.douban.com/subject/2609258/,8.6,"剧情,历史",5,这基本就是我最喜欢的电影的类型，即便除去那些借古讽今的警示。多说一句，他编的《新闻编辑室》第一季的开头，是我见过的最好的开头，就像张爱玲笔下的那句“开电车的人开电车。”,,2020-10-23 15:54:49,2020 / 美国 英国 印度 / 剧情 历史 / 艾伦·索金 / 埃迪·雷德梅恩 艾利克斯·夏普
32486658,人类本性,,https://dou.img.lithub.cc/movie/32486658.jpg,2019-03-12(西南偏南电影节),https://movie.douban.com/subject/32486658/,8.8,纪录片,5,,,2020-10-12 10:43:42,2019 / 美国 / 纪录片 / Adam Bolt / David Baltimore Jill Banfield
35051512,我和我的家乡,,https://dou.img.lithub.cc/movie/35051512.jpg,2020-10-01(中国大陆),https://movie.douban.com/subject/35051512/,7,"剧情,喜剧",4,我真心觉得，也不用整春晚了，每年十一春节，整这么两个献礼片，歌颂一下，搞笑一下，让大家影院家里都能看一下，也挺好，还好哭还感动还歌颂。,,2020-10-02 18:42:07,2020 / 中国大陆 / 剧情 喜剧 / 宁浩 徐峥 陈思诚 闫非 彭大魔 邓超 俞白眉 / 葛优 黄渤
1293359,菊次郎的夏天,,https://dou.img.lithub.cc/movie/1293359.jpg,2020-09-25(中国大陆),https://movie.douban.com/subject/1293359/,8.9,"剧情,喜剧",4,是一部夏天需要的电影。,,2020-09-29 17:00:35,1999 / 日本 / 剧情 喜剧 / 北野武 / 北野武 关口雄介
30200427,福冈,,https://dou.img.lithub.cc/movie/30200427.jpg,2019-02-10(柏林电影节),https://movie.douban.com/subject/30200427/,7.4,剧情,4,好有意思的片子~完全被导演的镜头语言牵住了。,,2020-09-25 13:36:34,2019 / 韩国 日本 / 剧情 / 张律 / 尹宰文 权海骁
10745208,我控诉,,https://dou.img.lithub.cc/movie/10745208.jpg,2019-08-30(威尼斯电影节),https://movie.douban.com/subject/10745208/,7.4,剧情,4,超过一部电影所承载的东西，又在电影层面足够打动我，是我定义的高级。,,2020-09-17 14:18:03,2019 / 法国 意大利 / 剧情 / 罗曼·波兰斯基 / 让·杜雅尔丹 路易·加瑞尔
26754233,八佰,,https://dou.img.lithub.cc/movie/26754233.jpg,2020-08-21(中国大陆),https://movie.douban.com/subject/26754233/,7.5,"剧情,历史,战争",4,想来想去，确实有几次想落泪了。,,2020-08-22 19:07:07,2020 / 中国大陆 / 剧情 历史 战争 / 管虎 / 王千源 张译
30206389,西部世界 第三季,,https://dou.img.lithub.cc/movie/30206389.jpg,2020-03-15(美国),https://movie.douban.com/subject/30206389/,8.2,"剧情,科幻,悬疑",3,垮了一半。,,2020-08-20 13:31:40,2020 / 美国 / 剧情 科幻 悬疑 西部 / 乔纳森·诺兰 詹妮弗·盖辛格 理查德·J·刘易斯 保罗·卡梅隆 安娜·福斯特 阿曼达·马尔萨利斯 海伦·谢费 / 埃文·蕾切尔·伍德 坦迪·牛顿
26887174,西部世界 第二季,,https://dou.img.lithub.cc/movie/26887174.jpg,2018-04-22(美国),https://movie.douban.com/subject/26887174/,8.8,"科幻,西部",5,这个时间线的设计太棒了。,,2020-08-12 21:07:34,2018 / 美国 / 科幻 西部 / 理查德·J·刘易斯 文森佐·纳塔利 丽莎·乔伊 克雷格·卓贝 塔里克·萨利赫 妮可·卡索 乌塔·布里兹维茨 斯蒂芬·威廉姆斯 弗雷德·托耶 / 埃文·蕾切尔·伍德 坦迪·牛顿
1292067,冰血暴,,https://dou.img.lithub.cc/movie/1292067.jpg,1996-03-08(美国),https://movie.douban.com/subject/1292067/,8,"剧情,惊悚,犯罪",4,经典。,,2020-08-05 09:45:57,1996 / 美国 英国 / 剧情 惊悚 犯罪 / 乔尔·科恩 / 威廉姆·H·梅西 史蒂夫·布西密
30368608,第一头牛,,https://dou.img.lithub.cc/movie/30368608.jpg,2019-08-30(特柳赖德电影节),https://movie.douban.com/subject/30368608/,7.7,剧情,4,不可置信了，今年第一部险些要给 5 星的片子。,,2020-07-30 15:49:37,2019 / 美国 / 剧情 / 凯莉·莱卡特 / 约翰·马加罗 奥赖恩·李
1292064,楚门的世界,,https://dou.img.lithub.cc/movie/1292064.jpg,1998-06-05(美国),https://movie.douban.com/subject/1292064/,9.4,"剧情,科幻",4,被安排的生活，就一定面对着逃离么？,楚门的世界,2020-07-25 15:30:16,1998 / 美国 / 剧情 科幻 / 彼得·威尔 / 金·凯瑞 劳拉·琳妮
1300613,土拨鼠之日,,https://dou.img.lithub.cc/movie/1300613.jpg,1993-02-12(美国),https://movie.douban.com/subject/1300613/,8.6,"剧情,喜剧,爱情",4,你怎么选择生活，生活就怎么选择你。,,2020-07-22 12:57:33,1993 / 美国 / 剧情 喜剧 爱情 奇幻 / 哈罗德·雷米斯 / 比尔·默瑞 安迪·麦克道威尔
26871906,灰猎犬号,,https://dou.img.lithub.cc/movie/26871906.jpg,2020-07-10(美国),https://movie.douban.com/subject/26871906/,7.8,"剧情,战争",4,气氛营造的不错，但是让人确确实实喘不上气的地方还是略少。,,2020-07-17 23:32:46,2020 / 美国 加拿大 中国大陆 / 剧情 战争 / 亚伦·施耐德 / 汤姆·汉克斯 斯蒂芬·格拉汉姆
2338055,西部世界 第一季,,https://dou.img.lithub.cc/movie/2338055.jpg,2016-10-02(美国),https://movie.douban.com/subject/2338055/,8.9,"科幻,西部",4,这虚虚实实，亦幻亦真。,,2020-07-10 17:05:12,2016 / 美国 / 科幻 西部 / 乔纳森·诺兰 强尼·坎贝尔 理查德·J·刘易斯 米歇尔·麦克拉伦 尼尔·马歇尔 文森佐·纳塔利 弗雷德·托耶 斯蒂芬·威廉姆斯 / 埃文·蕾切尔·伍德 安东尼·霍普金斯
1293145,费城故事,,https://dou.img.lithub.cc/movie/1293145.jpg,1993-12-22(美国),https://movie.douban.com/subject/1293145/,8.7,"剧情,同性",5,那几个近景眼神，真的是杀人了。,,2020-07-10 10:59:08,1993 / 美国 / 剧情 同性 / 乔纳森·戴米 / 汤姆·汉克斯 丹泽尔·华盛顿
1299603,落水狗,,https://dou.img.lithub.cc/movie/1299603.jpg,1992-01-21(圣丹斯电影节),https://movie.douban.com/subject/1299603/,8.4,"惊悚,犯罪",4,,,2020-07-08 14:57:53,1992 / 美国 / 惊悚 犯罪 / 昆汀·塔伦蒂诺 / 哈威·凯特尔 蒂姆·罗斯
1308777,暖暖内含光,,https://dou.img.lithub.cc/movie/1308777.jpg,2004-03-19(美国),https://movie.douban.com/subject/1308777/,8.5,"剧情,爱情,科幻",4,我一直以为是个纯爱片，没想到如此意识流。,,2020-06-28 12:56:36,2004 / 美国 / 剧情 爱情 科幻 / 米歇尔·贡德里 / 金·凯瑞 凯特·温丝莱特
30223100,最后的舞动,,https://dou.img.lithub.cc/movie/30223100.jpg,2020-04-19(美国),https://movie.douban.com/subject/30223100/,9.6,"纪录片,运动",5,在我的评价体系里，很多年里都不会再有这么好的纪录片了。,,2020-06-04 22:35:50,2020 / 美国 / 纪录片 运动 / 杰森·海希尔 / 迈克尔·乔丹 斯科蒂·皮蓬
3094368,犯罪分子,,https://dou.img.lithub.cc/movie/3094368.jpg,,https://movie.douban.com/subject/3094368/,7.5,"剧情,短片,犯罪",3,三星，不能再多了，但要是变成小说会不会好一点？,,2020-05-21 14:49:11,1999 / 中国大陆 / 剧情 短片 犯罪 / 程耳 / 徐峥 黄奕
27045860,原钻,,https://dou.img.lithub.cc/movie/27045860.jpg,2019-08-30(特柳赖德电影节),https://movie.douban.com/subject/27045860/,7.2,"剧情,犯罪",4,这片子好魔怔啊！,,2020-03-29 15:20:53,2019 / 美国 / 剧情 犯罪 / 本·萨弗迪 约书亚·萨弗迪 / 亚当·桑德勒 茱莉娅·福克斯
34670218,大赢家,,https://dou.img.lithub.cc/movie/34670218.jpg,2020-03-20(中国大陆网络),https://movie.douban.com/subject/34670218/,6.7,喜剧,3,其实不如叫大小品。配角都不错，大鹏倒是差点儿意思了。换成艾伦是不是更好点，天生的傻大个形象。,,2020-03-21 08:50:56,2020 / 中国大陆 / 喜剧 / 于淼 / 大鹏 柳岩
30284917,副本 第二季,,https://dou.img.lithub.cc/movie/30284917.jpg,2020-02-27(美国),https://movie.douban.com/subject/30284917/,6.3,"剧情,科幻,惊悚",3,确实差点儿意思。,,2020-03-20 11:03:16,2020 / 美国 / 剧情 科幻 惊悚 犯罪 / 迈克尔·巴塞特 莎莉·理查德森 克莱恩·唐纳利 杰里米·韦布 / 克里斯·康纳 芮妮·戈兹贝里
30252495,1917,,https://dou.img.lithub.cc/movie/30252495.jpg,2020-08-07(中国大陆),https://movie.douban.com/subject/30252495/,8.5,"剧情,战争",3,不应该先看Issak的影评，搞得我全程都在看运镜。话说回来，这电影太跳戏了，大部分时间就是一个真人电影版《使命召唤》，仅有两三个片段看起来称得上电影，还不如直接上第一视角来“一镜到底”呢。直到最后一跑，我才敢说，哦，终于像是一亿美金预算拍的了。开个脑洞，这电影要是来个中国版，男主角应该选张译和王宝强。,,2020-02-10 15:12:07,2019 / 美国 英国 印度 西班牙 加拿大 中国大陆 / 剧情 战争 / 萨姆·门德斯 / 乔治·麦凯 迪恩-查尔斯·查普曼
6538866,极速车王,,https://dou.img.lithub.cc/movie/6538866.jpg,2020-08-07(中国大陆),https://movie.douban.com/subject/6538866/,8.5,"剧情,传记,运动",5,手松给个五星，不提人物设定上的套路和脸谱化，不提个人与企业的斗争。我喜欢肯·迈尔斯这个男人的一路成长，从无所顾忌乱扔扳手到赛前给儿子讲路线关键点到最后一战7000转之后的泪目妥协等待队友，我觉得这才是真男人该有的样子。什么是成长呢，这些年我改变了好多次标准，模模糊糊间看见了一点清晰的样子，大概就是肯·迈尔斯了。,,2020-02-08 11:08:04,2019 / 美国 / 剧情 传记 运动 / 詹姆斯·曼高德 / 马特·达蒙 克里斯蒂安·贝尔
30317706,特警队,,https://dou.img.lithub.cc/movie/30317706.jpg,2019-12-27(中国大陆),https://movie.douban.com/subject/30317706/,5,动作,2,是不是以后丁晟的片子可以总结为，「打就完了」。,,2020-02-04 11:57:50,2019 / 中国大陆 / 动作 / 丁晟 / 凌潇肃 贾乃亮
30306570,囧妈,,https://dou.img.lithub.cc/movie/30306570.jpg,2020-01-25(中国大陆网络),https://movie.douban.com/subject/30306570/,5.9,喜剧,2,爆米花电影🍿️。,,2020-01-28 23:36:41,2020 / 中国大陆 / 喜剧 / 徐峥 / 徐峥 黄梅莹
30292777,阳光普照,,https://dou.img.lithub.cc/movie/30292777.jpg,2019-11-01(中国台湾),https://movie.douban.com/subject/30292777/,8.6,"剧情,家庭,犯罪",5,影评后补，喜欢。,,2020-01-28 15:29:27,2019 / 中国台湾 / 剧情 家庭 犯罪 / 钟孟宏 / 陈以文 柯淑勤
26756220,外出偷马,,https://dou.img.lithub.cc/movie/26756220.jpg,2019-02-09(柏林电影节),https://movie.douban.com/subject/26756220/,7.4,"剧情,悬疑",4,,,2020-01-17 16:58:36,2019 / 挪威 瑞典 丹麦 / 剧情 悬疑 / 汉斯·皮特·莫朗 / 斯特兰·斯卡斯加德 比约恩·弗洛伯格
30299311,受益人,,https://dou.img.lithub.cc/movie/30299311.jpg,2019-11-08(中国大陆),https://movie.douban.com/subject/30299311/,6.5,"剧情,喜剧,爱情",3,导演功力不太行啊，柳岩不错。,,2020-01-03 15:56:07,2019 / 中国大陆 / 剧情 喜剧 爱情 / 申奥 / 大鹏 柳岩
27132510,教宗的承继,,https://dou.img.lithub.cc/movie/27132510.jpg,2019-08-31(特柳赖德电影节),https://movie.douban.com/subject/27132510/,8.6,"剧情,传记",5,我是坚定的无宗教主义者，但我理解信仰。世界就是一个不断去神化，又造神化的过程。千年往复，毫无变化。,,2019-12-26 10:09:24,2019 / 英国 意大利 / 剧情 传记 / 费尔南多·梅里尔斯 / 安东尼·霍普金斯 乔纳森·普雷斯
30401122,致命女人 第一季,,https://dou.img.lithub.cc/movie/30401122.jpg,2019-07-21(洛杉矶LGBT电影节),https://movie.douban.com/subject/30401122/,9.4,"剧情,喜剧,犯罪",4,结局其实挺让我意外。,,2019-12-24 12:00:18,2019 / 美国 / 剧情 喜剧 犯罪 / 大卫·格罗斯曼 刘玉玲 马克·韦布 大卫·沃伦 伊丽莎白·艾伦 瓦莱丽·韦斯 道恩·威尔金森 / 刘玉玲 金妮弗·古德温
32659890,我和我的祖国,,https://dou.img.lithub.cc/movie/32659890.jpg,2019-09-30(中国大陆),https://movie.douban.com/subject/32659890/,7.6,剧情,3,,,2019-12-24 11:57:33,2019 / 中国大陆 / 剧情 / 陈凯歌 张一白 管虎 薛晓路 徐峥 宁浩 文牧野 / 黄渤 张译
1292271,毕业生,,https://dou.img.lithub.cc/movie/1292271.jpg,1967-12-22(美国),https://movie.douban.com/subject/1292271/,8,"剧情,喜剧,爱情",4,表达的精神内核真好，换一个时代，换一个背景，只是故事不同，那些迷茫、孤独、无助和躁动，都不会改变。,,2019-12-20 12:21:10,1967 / 美国 / 剧情 喜剧 爱情 / 迈克·尼科尔斯 / 安妮·班克罗夫特 达斯汀·霍夫曼
10537853,万箭穿心,,https://dou.img.lithub.cc/movie/10537853.jpg,2012-11-16(中国大陆),https://movie.douban.com/subject/10537853/,8.6,"剧情,家庭",,,,2019-12-16 16:28:33,2012 / 中国大陆 / 剧情 家庭 / 王竞 / 颜丙燕 陈刚
27202818,婚姻故事,,https://dou.img.lithub.cc/movie/27202818.jpg,2020-05-20(中国大陆网络),https://movie.douban.com/subject/27202818/,8.5,"剧情,爱情",5,「叁儿的奥斯卡」正式宣布本片拿下了我今年最佳男主、最佳女主和最佳剧情片三项大奖。我相信无论婚姻还是爱情，一开始都是美好的，纯真的，以及憧憬无限的，长路漫漫会走到哪一步，是嘶吼、痛哭、不停抱怨还是无奈、冷漠、陌生与街角，都是后来的事，我们做得了主么？不管信不信，认不认，其实都做不了的，做不了。吵架那一段是近几年我心里唯一可以打败《藩篱》的片段看多少遍都不会够的，结尾也一样。PS，看完表示恐婚的，都不过是拿着鸡毛当令箭，躲在一部电影后面不敢跟生活Fighting的软蛋。,,2019-12-16 15:46:18,2019 / 英国 美国 / 剧情 爱情 / 诺亚·鲍姆巴赫 / 斯嘉丽·约翰逊 亚当·德赖弗
30269016,半个喜剧,,https://dou.img.lithub.cc/movie/30269016.jpg,2019-12-20(中国大陆),https://movie.douban.com/subject/30269016/,7.3,"喜剧,爱情",5,谢宝哥的票，难得看个电影能这么开怀大笑了，五星！人都不容易，都是灰色的，但办起事儿来咱得黑白分明。不知道为什么，任素汐演的角色老让我带入叶三三爷。,,2019-12-15 17:32:12,2019 / 中国大陆 / 喜剧 爱情 / 周申 刘露 / 任素汐 吴昱翰
30385409,摩登情爱 第一季,,https://dou.img.lithub.cc/movie/30385409.jpg,2019-10-18(美国),https://movie.douban.com/subject/30385409/,8.8,"喜剧,爱情",4,,,2019-12-02 20:24:42,2019 / 美国 / 喜剧 爱情 / 约翰·卡尼 埃米·罗森 汤姆·豪尔 莎朗·豪根 / 安妮·海瑟薇 安德鲁·斯科特
6981153,爱尔兰人,,https://dou.img.lithub.cc/movie/6981153.jpg,2019-09-27(纽约电影节),https://movie.douban.com/subject/6981153/,8.8,"剧情,传记,犯罪",5,这个节奏，太稳了，完全是我的菜。,,2019-12-01 19:36:09,2019 / 美国 / 剧情 传记 犯罪 / 马丁·斯科塞斯 / 罗伯特·德尼罗 阿尔·帕西诺
1292222,出租车司机,,https://dou.img.lithub.cc/movie/1292222.jpg,1976-02-08(美国),https://movie.douban.com/subject/1292222/,8.6,"剧情,犯罪",4,,,2019-11-17 22:06:50,1976 / 美国 / 剧情 犯罪 / 马丁·斯科塞斯 / 罗伯特·德尼罗 朱迪·福斯特
3754382,摩登家庭 第一季,,https://dou.img.lithub.cc/movie/3754382.jpg,2009-09-22(美国),https://movie.douban.com/subject/3754382/,9.5,"喜剧,家庭",5,最优秀的下饭菜。,,2019-11-13 11:51:27,2009 / 美国 / 喜剧 家庭 / Jason Winer / 阿芮尔·温特 艾德·奥尼尔
27119724,小丑,,https://dou.img.lithub.cc/movie/27119724.jpg,2019-08-31(威尼斯电影节),https://movie.douban.com/subject/27119724/,8.7,"剧情,惊悚,犯罪",4,我只能说，演得还行。不是我的菜，留给那些文化研究者去讨论吧。如果反派是这样养成的，有太多纪录片好于此了。,,2019-11-13 11:10:56,2019 / 美国 加拿大 / 剧情 惊悚 犯罪 / 托德·菲利普斯 / 华金·菲尼克斯 罗伯特·德尼罗
1428602,杀破狼,,https://dou.img.lithub.cc/movie/1428602.jpg,2005-11-18(中国香港),https://movie.douban.com/subject/1428602/,7.6,"剧情,动作,犯罪",4,打戏十足,,2019-11-07 07:55:43,2005 / 中国香港 中国澳门 / 剧情 动作 犯罪 / 叶伟信 / 甄子丹 洪金宝
30338164,罪梦者,,https://dou.img.lithub.cc/movie/30338164.jpg,2019-10-31(台湾),https://movie.douban.com/subject/30338164/,6.9,"悬疑,犯罪",3,3.5吧。这么碎的剪辑，其实我是挺吃这一套的，很有风格，也和故事比较搭，本来结局不错，但又给我弄出来一个大结局，我就有点盗梦空间了。,,2019-11-06 08:23:58,2019 / 中国台湾 / 悬疑 犯罪 / 陈映蓉 / 张孝全 贾静雯
26786669,决战中途岛,,https://dou.img.lithub.cc/movie/26786669.jpg,2019-11-08(中国大陆),https://movie.douban.com/subject/26786669/,7.5,"剧情,历史,战争",4,很棒的片子，没有去刻意渲染任何爱国情怀，对战斗双方的刻画都比较内敛。战斗部分视听效果很精良，中规中矩的上乘战争片。,,2019-11-03 18:16:47,2019 / 中国大陆 中国香港 加拿大 美国 / 剧情 历史 战争 / 罗兰·艾默里奇 / 艾德·斯克林 帕特里克·威尔森
30166972,少年的你,,https://dou.img.lithub.cc/movie/30166972.jpg,2019-10-25(中国大陆),https://movie.douban.com/subject/30166972/,8.2,"剧情,爱情,犯罪",5,真心希望这部电影能有“药神”一样的效果，另外，赶在大荧幕上这么给特写镜头的，上一个能让我印象深刻的人，还是周迅的“李米”。,,2019-10-26 16:55:52,2019 / 中国大陆 中国香港 / 剧情 爱情 犯罪 / 曾国祥 / 周冬雨 易烊千玺
1293391,孩子王,,https://dou.img.lithub.cc/movie/1293391.jpg,1987,https://movie.douban.com/subject/1293391/,8.2,剧情,4,陈凯歌终究还是没有拍出阿城老爷子的「孩子王」。,,2019-10-24 15:25:24,1987 / 中国大陆 / 剧情 / 陈凯歌 / 谢园 杨学文
30372377,续命之徒：绝命毒师电影,,https://dou.img.lithub.cc/movie/30372377.jpg,2019-10-11(美国),https://movie.douban.com/subject/30372377/,8.1,"剧情,惊悚,犯罪",3,我没看过《绝命毒师》，但是剧情大概都知道，单看电影的话，很无聊。,,2019-10-13 21:31:22,2019 / 美国 / 剧情 惊悚 犯罪 / 文斯·吉里根 / 亚伦·保尔 乔纳森·班克斯
2272222,耳朵大有福,,https://dou.img.lithub.cc/movie/2272222.jpg,2008-01-04(中国大陆),https://movie.douban.com/subject/2272222/,8.2,"剧情,喜剧,家庭",4,来吧，整死我吧。,,2019-10-10 13:04:41,2008 / 中国大陆 韩国 / 剧情 喜剧 家庭 / 张猛 / 范伟 程淑波
1329950,达·芬奇密码,,https://dou.img.lithub.cc/movie/1329950.jpg,2006-05-19(中国大陆),https://movie.douban.com/subject/1329950/,7.5,"悬疑,惊悚",3,,,2019-10-08 08:35:03,2006 / 美国 马耳他 法国 英国 / 悬疑 惊悚 / 朗·霍华德 / 汤姆·汉克斯 奥黛丽·塔图
26416603,萨利机长,,https://dou.img.lithub.cc/movie/26416603.jpg,2016-12-09(中国大陆),https://movie.douban.com/subject/26416603/,8.3,"剧情,传记",4,,,2019-10-08 08:34:49,2016 / 美国 / 剧情 传记 / 克林特·伊斯特伍德 / 汤姆·汉克斯 艾伦·艾克哈特
3530403,云图,,https://dou.img.lithub.cc/movie/3530403.jpg,2013-01-31(中国大陆),https://movie.douban.com/subject/3530403/,8.1,"剧情,科幻,悬疑",4,,,2019-10-08 08:34:37,2012 / 美国 德国 中国香港 新加坡 中国大陆 英国 西班牙 / 剧情 科幻 悬疑 / 汤姆·提克威 拉娜·沃卓斯基 莉莉·沃卓斯基 / 汤姆·汉克斯 哈莉·贝瑞
1292849,拯救大兵瑞恩,,https://dou.img.lithub.cc/movie/1292849.jpg,1998-11-13(中国大陆),https://movie.douban.com/subject/1292849/,9.1,"剧情,战争",4,非常主旋律，但却能让人看清战争的样子。,,2019-10-08 08:33:44,1998 / 美国 / 剧情 战争 / 史蒂文·斯皮尔伯格 / 汤姆·汉克斯 汤姆·塞兹摩尔
6860147,霓虹恶魔,,https://dou.img.lithub.cc/movie/6860147.jpg,2016-05-20(戛纳电影节),https://movie.douban.com/subject/6860147/,6.4,"剧情,惊悚",,,,2019-10-07 10:25:30,2016 / 法国 丹麦 美国 / 剧情 惊悚 / 尼古拉斯·温丁·雷弗恩 / 艾丽·范宁 阿比·丽
26279128,玛·鲁特,,https://dou.img.lithub.cc/movie/26279128.jpg,2016-05-13(戛纳电影节),https://movie.douban.com/subject/26279128/,6.6,喜剧,,,,2019-10-07 10:25:24,2016 / 法国 德国 比利时 / 喜剧 / 布鲁诺·杜蒙 / 法布莱斯·鲁奇尼 朱丽叶·比诺什
26324232,摇摇晃晃的人间,,https://dou.img.lithub.cc/movie/26324232.jpg,2017-06-26(中国大陆部分上映),https://movie.douban.com/subject/26324232/,7.9,"纪录片,传记",,,,2019-10-07 10:25:06,2016 / 中国大陆 / 纪录片 传记 / 范俭 / 余秀华 周金香
2347271,萧十一郎,,https://dou.img.lithub.cc/movie/2347271.jpg,2002-06-10(中国大陆),https://movie.douban.com/subject/2347271/,7.6,"剧情,武侠,古装",,,,2019-10-07 10:25:05,2002 / 中国大陆 / 剧情 武侠 古装 / 黎文彦 / 吴奇隆 朱茵
2279825,小李飞刀,,https://dou.img.lithub.cc/movie/2279825.jpg,1999-08-03(中国台湾),https://movie.douban.com/subject/2279825/,7.7,"武侠,古装",,,,2019-10-07 10:24:58,1999 / 中国大陆 中国台湾 / 武侠 古装 / 袁和平 李翰韬 林子欣 / 焦恩俊 贾静雯
26847445,夜空总有最大密度的蓝色,,https://dou.img.lithub.cc/movie/26847445.jpg,2017-02-13(柏林电影节),https://movie.douban.com/subject/26847445/,7.5,"剧情,爱情",,,,2019-10-05 21:42:28,2017 / 日本 / 剧情 爱情 / 石井裕也 / 石桥静河 池松壮亮
26390938,私人采购员,,https://dou.img.lithub.cc/movie/26390938.jpg,2016-05-17(戛纳电影节),https://movie.douban.com/subject/26390938/,6.2,"剧情,悬疑,惊悚",,,,2019-10-05 21:42:25,2016 / 法国 / 剧情 悬疑 惊悚 / 奥利维耶·阿萨亚斯 / 克里斯汀·斯图尔特 安德斯·丹尼尔森·李
26909423,路过未来,,https://dou.img.lithub.cc/movie/26909423.jpg,2018-05-17(中国大陆),https://movie.douban.com/subject/26909423/,6.5,剧情,,,,2019-10-05 21:42:16,2017 / 中国大陆 中国香港 / 剧情 / 李睿珺 / 杨子姗 尹昉
2248526,玉观音,,https://dou.img.lithub.cc/movie/2248526.jpg,2003,https://movie.douban.com/subject/2248526/,7.8,"剧情,爱情,犯罪",,,,2019-10-05 21:42:01,2003 / 中国大陆 / 剧情 爱情 犯罪 / 丁黑 / 孙俪 佟大为
30295905,中国机长,,https://dou.img.lithub.cc/movie/30295905.jpg,2019-09-30(中国大陆),https://movie.douban.com/subject/30295905/,6.6,"剧情,传记,灾难",3,可以看的。,,2019-10-05 21:40:04,2019 / 中国大陆 / 剧情 传记 灾难 / 刘伟强 / 张涵予 欧豪
30282387,银河补习班,,https://dou.img.lithub.cc/movie/30282387.jpg,2019-07-18(中国大陆),https://movie.douban.com/subject/30282387/,6.2,剧情,2,我要是个导演，我也给我来一个自嗨版。,,2019-10-05 21:38:57,2019 / 中国大陆 / 剧情 / 邓超 俞白眉 / 邓超 白宇
27002371,最长一枪,,https://dou.img.lithub.cc/movie/27002371.jpg,2019-09-06(中国大陆),https://movie.douban.com/subject/27002371/,6,"剧情,动作",2,我是没话说了，我看了一个别人的评论：剧组资源挺好，想得太多，读书太少。,,2019-10-03 23:01:59,2019 / 中国大陆 澳大利亚 / 剧情 动作 / 徐顺利 / 王志文 余男
6722879,她,,https://dou.img.lithub.cc/movie/6722879.jpg,2013-10-12(纽约电影节),https://movie.douban.com/subject/6722879/,8.4,"剧情,爱情,科幻",3,不在一个维度的人，就是没办法理解和交流。强扭的瓜从来都不甜。,,2019-09-29 08:30:18,2013 / 美国 / 剧情 爱情 科幻 / 斯派克·琼斯 / 华金·菲尼克斯 斯嘉丽·约翰逊
34807113,走进比尔：解码比尔·盖茨,,https://dou.img.lithub.cc/movie/34807113.jpg,2019-09-20(美国),https://movie.douban.com/subject/34807113/,9.1,纪录片,5,感动，伟大的人能成就伟大的事业，往往都是来自内在动机，财富以及其它，只是副产品。,,2019-09-20 22:45:49,2019 / 美国 / 纪录片 / 戴维斯·古根海姆 / 比尔·盖茨 梅琳达·盖茨
26648249,月光男孩,,https://dou.img.lithub.cc/movie/26648249.jpg,2016-09-02(特柳赖德电影节),https://movie.douban.com/subject/26648249/,7.4,"剧情,同性",,,,2019-09-12 12:36:50,2016 / 美国 / 剧情 同性 / 巴里·詹金斯 / 崔凡特·罗兹 安德烈·霍兰
26679188,天梯：蔡国强的艺术,,https://dou.img.lithub.cc/movie/26679188.jpg,2017-09-22(中国大陆),https://movie.douban.com/subject/26679188/,8.6,纪录片,,,,2019-09-12 12:36:34,2016 / 中国大陆 美国 / 纪录片 / 凯文·麦克唐纳 / 蔡国强 吴红虹
26920017,鬼魅浮生,,https://dou.img.lithub.cc/movie/26920017.jpg,2017-01-22(圣丹斯电影节),https://movie.douban.com/subject/26920017/,7.6,"剧情,爱情,奇幻",,,,2019-09-12 12:36:05,2017 / 美国 / 剧情 爱情 奇幻 / 大卫·洛维 / 卡西·阿弗莱克 鲁妮·玛拉
2157131,少年包青天,,https://dou.img.lithub.cc/movie/2157131.jpg,2000-09-04(中国香港),https://movie.douban.com/subject/2157131/,8.6,"剧情,悬疑,古装",,,,2019-09-12 12:34:47,2000 / 中国大陆 / 剧情 悬疑 古装 / 胡明凯 / 周杰 释小龙
1469441,看上去很美,,https://dou.img.lithub.cc/movie/1469441.jpg,2006-03-18(中国大陆),https://movie.douban.com/subject/1469441/,7.9,"剧情,喜剧",3,要自由，哪里有自由？幼儿园里都没有。,,2019-09-12 12:29:56,2006 / 中国大陆 意大利 / 剧情 喜剧 / 张元 / 董博文 宁元元
26946624,小欢喜,,https://dou.img.lithub.cc/movie/26946624.jpg,2019-07-31(中国大陆),https://movie.douban.com/subject/26946624/,8.2,"剧情,家庭",4,说到养育孩子，其实还包括养育自己。第一原则，就是学会放手。,,2019-09-03 09:27:19,2019 / 中国大陆 / 剧情 家庭 / 汪俊 / 黄磊 海清
27087724,好莱坞往事,,https://dou.img.lithub.cc/movie/27087724.jpg,2019-05-21(戛纳电影节),https://movie.douban.com/subject/27087724/,7.3,"剧情,喜剧",3,三星半，我不是老影迷，看得有点儿无聊，但我一定鄙视因为结尾很昆汀就给高分的人。不过，这倒是像老顽童拍出来的片子。,,2019-09-01 01:38:17,2019 / 美国 英国 中国大陆 / 剧情 喜剧 / 昆汀·塔伦蒂诺 / 莱昂纳多·迪卡普里奥 布拉德·皮特
30184555,铤而走险,,https://dou.img.lithub.cc/movie/30184555.jpg,2019-08-30(中国大陆),https://movie.douban.com/subject/30184555/,6,"剧情,犯罪",3,三星半，那小姑娘演得真厉害，太可爱了。大鹏再加加油。,,2019-09-01 01:36:50,2019 / 中国大陆 / 剧情 犯罪 / 甘剑宇 / 大鹏 欧豪
27010768,寄生虫,,https://dou.img.lithub.cc/movie/27010768.jpg,2019-05-21(戛纳电影节),https://movie.douban.com/subject/27010768/,8.8,剧情,4,属于看完就走的类型。,,2019-08-08 10:49:18,2019 / 韩国 / 剧情 / 奉俊昊 / 宋康昊 李善均
30140231,沦落人,,https://dou.img.lithub.cc/movie/30140231.jpg,2019-04-11(中国香港),https://movie.douban.com/subject/30140231/,8.2,剧情,3,不是鸡汤不行，是太理想的鸡汤，就不行了。,,2019-08-06 11:57:38,2018 / 中国香港 / 剧情 / 陈小娟 / 黄秋生 克里瑟尔·孔松希
2997076,华尔街之狼,,https://dou.img.lithub.cc/movie/2997076.jpg,2013-12-17(纽约首映),https://movie.douban.com/subject/2997076/,8.1,"剧情,传记,犯罪",3,演技是真好，片子有点儿嗨过头了，三个小时看得我脑壳疼。,,2019-07-31 15:09:28,2013 / 美国 / 剧情 传记 犯罪 / 马丁·斯科塞斯 / 莱昂纳多·迪卡普里奥 乔纳·希尔
26794435,哪吒之魔童降世,,https://dou.img.lithub.cc/movie/26794435.jpg,2019-07-26(中国大陆),https://movie.douban.com/subject/26794435/,8.4,"剧情,喜剧,动画",5,我觉得超级英雄的片子如果都做成纯动画的，我可能就很喜欢了。,,2019-07-31 15:08:00,2019 / 中国大陆 / 剧情 喜剧 动画 奇幻 / 饺子 / 吕艳婷 囧森瑟夫
27062816,葛洛莉亚·贝尔,,https://dou.img.lithub.cc/movie/27062816.jpg,2018-09-07(多伦多电影节),https://movie.douban.com/subject/27062816/,7,"剧情,爱情",3,中年可以不是这样过的。,,2019-07-19 15:25:54,2018 / 美国 / 剧情 爱情 / 塞巴斯蒂安·莱里奥 / 朱丽安·摩尔 约翰·特托罗
1857099,老无所依,,https://dou.img.lithub.cc/movie/1857099.jpg,2007-05-19(戛纳电影节),https://movie.douban.com/subject/1857099/,8.3,"剧情,惊悚,犯罪",4,,,2019-06-27 09:49:26,2007 / 美国 / 剧情 惊悚 犯罪 / 伊桑·科恩 乔尔·科恩 / 汤米·李·琼斯 哈维尔·巴登
30476761,德里罪案,,https://dou.img.lithub.cc/movie/30476761.jpg,2019-03-22(美国),https://movie.douban.com/subject/30476761/,8.9,"剧情,犯罪",3,过于冗长了，但意义大于内容。片子总想以小见大，窥探一个国家的法制，但往深走，并没有触及核心，抓罪犯，又浮于表面。剧和事实，还是要分开看。,,2019-06-12 12:51:28,2019 / 印度 / 剧情 犯罪 / 瑞奇·梅塔 / 莎法莉·什提 拉塞卡·杜加尔
26715636,地久天长,,https://dou.img.lithub.cc/movie/26715636.jpg,2019-03-22(中国大陆),https://movie.douban.com/subject/26715636/,8,"剧情,家庭",4,都说“历史是洪流”，洪流其实意味着支离破碎，遍体鳞伤。没有人犯错，却依旧是过不去的生活，大抵就是被历史裹挟的最佳写照。到头来，我们能怎么办呢？出路又在哪里？,,2019-06-11 11:58:54,2019 / 中国大陆 / 剧情 家庭 / 王小帅 / 王景春 咏梅
30163811,向西闻记,,https://dou.img.lithub.cc/movie/30163811.jpg,2019-04-18(中国香港),https://movie.douban.com/subject/30163811/,8.3,"剧情,喜剧,爱情",5,人性背后都是无间地狱啊。不用潜台词的，挖挖他做了什么就知道啦。最后一集讽刺到极点，反而那么痛那么真实。,,2019-06-04 18:10:56,2019 / 中国香港 / 剧情 喜剧 爱情 / 吴兆麟 / 张继聪 胡杏儿
26266893,流浪地球,,https://dou.img.lithub.cc/movie/26266893.jpg,2019-02-05(中国大陆),https://movie.douban.com/subject/26266893/,7.9,"科幻,冒险,灾难",3,,,2019-06-04 08:22:17,2019 / 中国大陆 / 科幻 冒险 灾难 / 郭帆 / 吴京 屈楚萧
1292994,开罗紫玫瑰,,https://dou.img.lithub.cc/movie/1292994.jpg,1985-03-01,https://movie.douban.com/subject/1292994/,8.8,"喜剧,爱情,奇幻",4,蝶儿闯入我梦，我在蝶梦之中，是梦是醒有什么不同。,,2019-05-23 13:23:42,1985 / 美国 / 喜剧 爱情 奇幻 / 伍迪·艾伦 / 米娅·法罗 杰夫·丹尼尔斯
1433577,赛末点,,https://dou.img.lithub.cc/movie/1433577.jpg,2005-05-12(戛纳电影节),https://movie.douban.com/subject/1433577/,8.1,"剧情,爱情,悬疑",5,从一个小时开始，就被伍迪艾伦弄的提心吊胆。,,2019-05-20 20:56:38,2005 / 英国 美国 爱尔兰 卢森堡 / 剧情 爱情 悬疑 犯罪 / 伍迪·艾伦 / 乔纳森·莱斯·梅耶斯 斯嘉丽·约翰逊
1294300,曼哈顿,,https://dou.img.lithub.cc/movie/1294300.jpg,1979-04-25,https://movie.douban.com/subject/1294300/,8.3,"剧情,喜剧,爱情",3,爱只是这个中年男人的导火线。,,2019-05-14 14:34:19,1979 / 美国 / 剧情 喜剧 爱情 / 伍迪·艾伦 / 黛安·基顿 梅丽尔·斯特里普
1293749,生活多美好,,https://dou.img.lithub.cc/movie/1293749.jpg,1946-12-20(纽约首映),https://movie.douban.com/subject/1293749/,9.3,"剧情,爱情,奇幻",5,老泪纵横，我们都属于命运吧，命运是多美好啊。,,2019-05-12 07:46:32,1946 / 美国 / 剧情 爱情 奇幻 / 弗兰克·卡普拉 / 詹姆斯·斯图尔特 唐娜·里德
27663742,老师·好,,https://dou.img.lithub.cc/movie/27663742.jpg,2019-03-22(中国大陆),https://movie.douban.com/subject/27663742/,6.6,剧情,2,于谦老师绝对拥有一个强大的朋友圈。,,2019-05-07 09:04:30,2019 / 中国大陆 / 剧情 / 张栾 / 于谦 汤梦佳
26100958,复仇者联盟4：终局之战,,https://dou.img.lithub.cc/movie/26100958.jpg,2019-04-24(中国大陆),https://movie.douban.com/subject/26100958/,8.5,"剧情,动作,科幻",3,这波，我站灭霸，一个宇宙哲学家，归田园居，采菊东篱下。,,2019-05-04 19:01:33,2019 / 美国 / 剧情 动作 科幻 奇幻 冒险 / 安东尼·罗素 乔·罗素 / 小罗伯特·唐尼 克里斯·埃文斯
30181230,我们与恶的距离,,https://dou.img.lithub.cc/movie/30181230.jpg,2019-03-24(中国台湾),https://movie.douban.com/subject/30181230/,9.4,剧情,5,媒体 x 社会问题 x 精神疾病 x 家庭关系，这部剧很难评价，每一个视角不一定都拍的好看，但是每一个角度都有一个无底洞可以一直讨论下去，每一个角色都是真切存在的，每一方都有大把大把支持者。我只表态一个方面，原生家庭问题，是个绝对的伪命题，孩子杀人，父母亲人同样是受害者。但，理性艰难，也不可能理性。最好的结局，大抵只能是平淡如水，相安无事。,,2019-04-24 08:01:43,2019 / 中国台湾 / 剧情 / 林君阳 / 贾静雯 温升豪
26410683,赛马皮特,,https://dou.img.lithub.cc/movie/26410683.jpg,2017-09-01(威尼斯电影节),https://movie.douban.com/subject/26410683/,7.7,"剧情,冒险",4,早起看完，窗外正好有鸟儿在叫，和小查理跑步的结尾特别契合。我给十一大概叙述了一下剧情，一个男孩儿妈妈跑了，爸爸被情人老公用玻璃碴子扎透了肋叉子死了，他又偷走了老板的赛马和车，一路去找他姑姑，后来车坏了，他牵着马穿越两个大沙漠，马也被车撞死了，他找了份工作钱又差点儿被抢走，最后终于找到了自己的姑姑，可以开始新生活了。我说这片子可伤感了，但是十一听完，都快要笑死了。,,2019-04-14 08:06:06,2017 / 英国 / 剧情 冒险 / 安德鲁·海格 / 崔维斯·费米尔 斯蒂夫·扎恩
27597250,极限职业,,https://dou.img.lithub.cc/movie/27597250.jpg,2019-01-23(韩国),https://movie.douban.com/subject/27597250/,7.8,"喜剧,动作,犯罪",3,准四星！人家韩国拍个笑话都比中国热闹。还是厉害。,,2019-04-05 19:52:25,2019 / 韩国 / 喜剧 动作 犯罪 / 李炳宪 / 柳承龙 李荷妮
5300054,波西米亚狂想曲,,https://dou.img.lithub.cc/movie/5300054.jpg,2019-03-22(中国大陆),https://movie.douban.com/subject/5300054/,8.6,"剧情,同性,音乐",3,没人觉得这电影就配不上 Queen 的歌么？,,2019-03-30 18:29:06,2018 / 英国 美国 / 剧情 同性 音乐 传记 / 布莱恩·辛格 / 拉米·马雷克 本·哈迪
30424374,爱，死亡和机器人 第一季,,https://dou.img.lithub.cc/movie/30424374.jpg,2019-03-15(美国),https://movie.douban.com/subject/30424374/,9.2,"喜剧,科幻,动画",4,4.5/18 好看，其余的一般般。,,2019-03-24 18:20:27,2019 / 美国 / 喜剧 科幻 动画 恐怖 奇幻 / 维克多·马尔多纳多 加布里埃尔·彭纳基奥利 阿尔弗雷多·托雷斯 弗兰克·巴尔森 阿尔贝托·米尔戈 蒂姆·米勒 达米安·纽诺 杰罗姆·陈 维塔利·舒舒科 欧文·沙利文 罗伯特·瓦利 戴夫·威尔逊 乔恩·叶 哈维尔·雷西奥·格雷西亚 / 斯科特·怀特 诺兰·诺斯
3927789,三方国界,,https://dou.img.lithub.cc/movie/3927789.jpg,2019-03-13(美国),https://movie.douban.com/subject/3927789/,6.5,"动作,犯罪,冒险",2,"Oh my shit, what a fxxk movie?",,2019-03-14 14:38:11,2019 / 美国 / 动作 犯罪 冒险 / J·C·尚多尔 / 本·阿弗莱克 奥斯卡·伊萨克
30219655,后半生 第一季,,https://dou.img.lithub.cc/movie/30219655.jpg,2019-03-08(美国),https://movie.douban.com/subject/30219655/,8.6,"剧情,喜剧",5,满分吧，我发现我共情没有那么弱了，也可能是年纪大了。只要真的开始关心身边的一切，一切都会变好。人如此，事如此。,,2019-03-13 17:55:02,2019 / 英国 / 剧情 喜剧 / 瑞奇·热维斯 / 瑞奇·热维斯 汤姆·巴斯登
3878007,海王,,https://dou.img.lithub.cc/movie/3878007.jpg,2018-12-07(中国大陆),https://movie.douban.com/subject/3878007/,7.6,"动作,奇幻,冒险",3,看完片子，学到不少东西。会游泳太重要了，关键时刻就是救命技能，和开车一样；基因更重要，一个人的极限，基本上在生下来那一刻就注定了，无法打破的；别徒劳追求那些本不属于自己的东西，最后只能变成一滩白骨，黄金三叉戟不是谁都能拿得起的。,,2019-03-10 20:01:10,2018 / 美国 澳大利亚 / 动作 奇幻 冒险 / 温子仁 / 杰森·莫玛 安珀·赫德
27060077,绿皮书,,https://dou.img.lithub.cc/movie/27060077.jpg,2019-03-01(中国大陆),https://movie.douban.com/subject/27060077/,8.9,"剧情,喜剧,音乐",5,节奏真好，我的菜！,,2019-02-20 14:33:37,2018 / 美国 中国大陆 / 剧情 喜剧 音乐 传记 / 彼得·法雷里 / 维果·莫腾森 马赫沙拉·阿里
4840388,新喜剧之王,,https://dou.img.lithub.cc/movie/4840388.jpg,2019-02-05(中国大陆),https://movie.douban.com/subject/4840388/,5.7,"剧情,喜剧",3,星爷还是有话想说，就是感觉档期错了。,,2019-02-16 20:06:36,2019 / 中国大陆 中国香港 / 剧情 喜剧 / 周星驰 邱礼涛 / 王宝强 鄂靖文
25986662,疯狂的外星人,,https://dou.img.lithub.cc/movie/25986662.jpg,2019-02-05(中国大陆),https://movie.douban.com/subject/25986662/,6.4,"喜剧,科幻",3,挺有意思的啊。,,2019-02-15 16:28:59,2019 / 中国大陆 / 喜剧 科幻 / 宁浩 / 黄渤 沈腾
3026559,登月第一人,,https://dou.img.lithub.cc/movie/3026559.jpg,2018-08-29(威尼斯电影节),https://movie.douban.com/subject/3026559/,7.7,"剧情,传记,历史",4,对于这种慢，是我很喜欢的节奏。,,2019-02-12 21:38:44,2018 / 美国 日本 / 剧情 传记 历史 / 达米恩·查泽雷 / 瑞恩·高斯林 克莱尔·芙伊
30163509,飞驰人生,,https://dou.img.lithub.cc/movie/30163509.jpg,2019-02-05(中国大陆),https://movie.douban.com/subject/30163509/,6.8,喜剧,3,韩寒也算有了自己的一种语言风格。,,2019-02-12 21:32:56,2019 / 中国大陆 / 喜剧 / 韩寒 / 沈腾 黄景瑜
27119586,谁先爱上他的,,https://dou.img.lithub.cc/movie/27119586.jpg,2018-11-02(中国台湾),https://movie.douban.com/subject/27119586/,8.6,"剧情,喜剧,同性",5,啊！太特么好看了，我共情这么弱的人都哭了，想想能让我哭出来也算是我喜欢的电影的一个高标准了。爱是什么，最好的解答都在这里。,,2019-02-04 16:27:16,2018 / 中国台湾 / 剧情 喜剧 同性 / 徐誉庭 许智彦 / 邱泽 谢盈萱
27140287,草叶集,,https://dou.img.lithub.cc/movie/27140287.jpg,2018-02-16(柏林电影节),https://movie.douban.com/subject/27140287/,6.7,剧情,4,我看你们谁不喜欢《草叶集》？我最后又琢磨了琢磨，笃定了片子里的人除了金敏喜，都不存在，都是故事里的人。,,2019-01-30 13:16:21,2018 / 韩国 / 剧情 / 洪常秀 / 金敏喜 郑镇荣
26994789,天气预爆,,https://dou.img.lithub.cc/movie/26994789.jpg,2018-12-21(中国大陆),https://movie.douban.com/subject/26994789/,3.8,"喜剧,奇幻",1,说真的，我多少年没有看走眼过了，我以为肖央起码还能值三颗星的。,,2019-01-26 20:48:46,2018 / 中国大陆 / 喜剧 奇幻 / 肖央 / 肖央 杜鹃
27191492,四个春天,,https://dou.img.lithub.cc/movie/27191492.jpg,2019-01-04(中国大陆),https://movie.douban.com/subject/27191492/,8.8,"纪录片,家庭",3,唯一羡慕的一点，就是导演有个厉害的爸爸。,,2019-01-23 14:10:00,2017 / 中国大陆 / 纪录片 家庭 / 陆庆屹 / 陆运坤 李桂贤
1291556,乡愁,,https://dou.img.lithub.cc/movie/1291556.jpg,1983-05-17(戛纳电影节),https://movie.douban.com/subject/1291556/,9.1,剧情,4,镜头是真的好，电影也接近诗歌。但是乡愁的滋味，化成情绪，还是难以诉说。,,2019-01-23 14:07:47,1983 / 苏联 意大利 / 剧情 / 安德烈·塔可夫斯基 / 奥列格·扬科夫斯基 厄兰·约瑟夫森
1298248,安德烈·卢布廖夫,,https://dou.img.lithub.cc/movie/1298248.jpg,1966-12(苏联部分放映),https://movie.douban.com/subject/1298248/,9,"剧情,传记,历史",4,确实堪称史诗级别，抛开我不喜欢的宗教内核，依然可以很深的触动人心，一个镜头，拍得出一个时代的悲哀，只能说导演已经不单单只是追求「电影」上的完美了，更多的，是「哲学」。,,2019-01-23 10:03:20,1966 / 苏联 / 剧情 传记 历史 战争 / 安德烈·塔可夫斯基 / 安纳托利·索洛尼岑 伊万·拉皮科夫
1294421,伊万的童年,,https://dou.img.lithub.cc/movie/1294421.jpg,1962-04-06(苏联),https://movie.douban.com/subject/1294421/,8.8,"剧情,战争",4,处女作就已经对梦境的插入、水和光的运用、蒙太奇的手法如此娴熟，令人敬佩。故事也简单好东懂，但是似乎内核不如第一部学生作品深刻。倒是背后的反战，和儿童的主视角，令人惊叹。,,2019-01-16 15:10:39,1962 / 苏联 / 剧情 战争 / 安德烈·塔可夫斯基 爱德华·阿巴洛夫 / 尼古拉·布尔里亚耶夫 瓦连京·祖布科夫
1308609,压路机和小提琴,,https://dou.img.lithub.cc/movie/1308609.jpg,1961-12-30(苏联),https://movie.douban.com/subject/1308609/,8.7,"剧情,儿童",4,顶级的处女作。阶级壁垒无法打破，但是儿童还有纸飞机和梦。,,2019-01-14 13:21:18,1961 / 苏联 / 剧情 儿童 / 安德烈·塔可夫斯基 / 伊戈尔·福姆琴科 弗拉基米尔·扎曼斯基
27110296,无名之辈,,https://dou.img.lithub.cc/movie/27110296.jpg,2018-11-16(中国大陆),https://movie.douban.com/subject/27110296/,8,"剧情,喜剧",3,,,2019-01-10 13:48:50,2018 / 中国大陆 / 剧情 喜剧 / 饶晓志 / 陈建斌 任素汐
26633257,地球最后的夜晚,,https://dou.img.lithub.cc/movie/26633257.jpg,2018-12-31(中国大陆),https://movie.douban.com/subject/26633257/,6.9,"剧情,爱情,悬疑",3,运用各种符号，在前后两段现实与梦境之间，释怀了一个男人和两个女人的过往，让一个男人有了一次太虚幻境般自我对话。但是说到底，还是毕赣的一场梦啊。,,2019-01-01 20:07:03,2018 / 中国大陆 法国 / 剧情 爱情 悬疑 / 毕赣 / 汤唯 黄觉
30386910,艾伦·德杰尼勒斯：感同身受,,https://dou.img.lithub.cc/movie/30386910.jpg,2018-12-18(美国),https://movie.douban.com/subject/30386910/,7.4,"喜剧,脱口秀",3,可能很多人不知道，Netflix 上这部作品后面有个十分钟的小片，《Ask Ellen》，其实更好。,,2018-12-20 12:05:46,2018 / 美国 / 喜剧 脱口秀 / 乔尔·加兰 泰格·诺塔洛 / 艾伦·德杰尼勒斯 劳拉·邓恩
28427782,我的天才女友 第一季,,https://dou.img.lithub.cc/movie/28427782.jpg,2018-09-01(威尼斯电影节),https://movie.douban.com/subject/28427782/,9.4,剧情,5,一部成长必修课。,,2018-12-19 13:23:31,2018 / 意大利 美国 / 剧情 / 萨维里奥·科斯坦佐 / 伊利莎·德尔·吉尼欧 卢多维卡·纳斯提
1950330,罗马,,https://dou.img.lithub.cc/movie/1950330.jpg,2019-05-10(中国大陆),https://movie.douban.com/subject/1950330/,8.2,"剧情,家庭",4,镜头越简单，调度越复杂，同时留下诸多不可言说的弦外之音。是“视与听”的表现，电影定格的时候，内心受到很大的冲击。非常喜欢画面背后的留白。,,2018-12-17 13:05:35,2018 / 墨西哥 美国 / 剧情 家庭 / 阿方索·卡隆 / 雅利扎·阿巴里西奥 玛丽娜·德·塔维拉
30156039,风味人间 第一季,,https://dou.img.lithub.cc/movie/30156039.jpg,2018-10-28(中国大陆),https://movie.douban.com/subject/30156039/,9,纪录片,4,风味人间，一年又一年。,,2018-12-16 22:36:37,2018 / 中国大陆 / 纪录片 / 陈晓卿 / 李立宏
27092785,李茶的姑妈,,https://dou.img.lithub.cc/movie/27092785.jpg,2018-09-30(中国大陆),https://movie.douban.com/subject/27092785/,4.6,喜剧,1,几乎是本年度看过的最差了。,,2018-12-16 21:29:43,2018 / 中国大陆 / 喜剧 / 吴昱翰 / 黄才伦 艾伦
30151530,西南联大,,https://dou.img.lithub.cc/movie/30151530.jpg,2018-11-07(中国大陆),https://movie.douban.com/subject/30151530/,9.3,纪录片,4,闻一多的一首《也许》，几乎唱哭我。,,2018-12-13 07:27:45,2018 / 中国大陆 / 纪录片 / 徐蓓 / 程贺南 裴宜理
30228909,奇葩说 第五季,,https://dou.img.lithub.cc/movie/30228909.jpg,2018-09-21(中国大陆),https://movie.douban.com/subject/30228909/,7.3,脱口秀,4,整体比上一季好很多，整季推荐黄执中出场的半决赛。厉害！,,2018-12-09 13:57:05,2018 / 中国大陆 / 脱口秀 / 李梦颖 花子卉 / 马东 蔡康永
27140071,找到你,,https://dou.img.lithub.cc/movie/27140071.jpg,2018-10-05(中国大陆),https://movie.douban.com/subject/27140071/,7.3,"剧情,家庭",4,演技都很到位。,,2018-12-09 13:56:05,2018 / 中国大陆 / 剧情 家庭 / 吕乐 / 姚晨 马伊琍
26357945,恐袭波士顿,,https://dou.img.lithub.cc/movie/26357945.jpg,2017-11-17(中国大陆),https://movie.douban.com/subject/26357945/,8,"剧情,惊悚,历史",3,又是一部标准的影片。,,2018-12-07 12:47:38,2016 / 美国 / 剧情 惊悚 历史 / 彼得·博格 / 马克·沃尔伯格 凯文·贝肯
30234315,摄影机不要停！,,https://dou.img.lithub.cc/movie/30234315.jpg,2017-11-04(东京首映),https://movie.douban.com/subject/30234315/,8.2,"喜剧,恐怖",4,深情演绎了电影是什么，以及，花絮永远比正片可爱。,,2018-12-06 13:11:26,2017 / 日本 / 喜剧 恐怖 / 上田慎一郎 / 滨津隆之 真鱼
3168101,毒液：致命守护者,,https://dou.img.lithub.cc/movie/3168101.jpg,2018-11-09(中国大陆),https://movie.douban.com/subject/3168101/,7.2,"动作,科幻,惊悚",2,现在都这么无聊了么...,,2018-12-05 16:03:00,2018 / 美国 中国大陆 / 动作 科幻 惊悚 / 鲁本·弗雷斯彻 / 汤姆·哈迪 米歇尔·威廉姆斯
4864908,影,,https://dou.img.lithub.cc/movie/4864908.jpg,2018-09-30(中国大陆),https://movie.douban.com/subject/4864908/,7.2,"剧情,动作,武侠",2,基本上就是，好无聊啊。,,2018-12-02 19:12:51,2018 / 中国大陆 中国香港 / 剧情 动作 武侠 古装 / 张艺谋 / 邓超 孙俪
3734112,风声,,https://dou.img.lithub.cc/movie/3734112.jpg,2009-09-29(中国大陆),https://movie.douban.com/subject/3734112/,8.4,"剧情,惊悚,战争",,,,2018-11-22 08:34:14,2009 / 中国大陆 / 剧情 惊悚 战争 犯罪 / 陈国富 高群书 / 周迅 李冰冰
5151890,特种部队,,https://dou.img.lithub.cc/movie/5151890.jpg,2011-11-02(法国),https://movie.douban.com/subject/5151890/,6.7,"剧情,动作,冒险",,,,2018-11-22 08:34:13,2011 / 法国 / 剧情 动作 冒险 / Stéphane Rybojad / 黛安·克鲁格 杰曼·翰苏
1408312,笑林小子,,https://dou.img.lithub.cc/movie/1408312.jpg,1994-04-15(中国香港),https://movie.douban.com/subject/1408312/,8,喜剧,,,,2018-11-22 08:34:07,1994 / 中国台湾 中国香港 / 喜剧 / 朱延平 / 林志颖 郝劭文
25662329,疯狂动物城,,https://dou.img.lithub.cc/movie/25662329.jpg,2016-03-04(中国大陆),https://movie.douban.com/subject/25662329/,9.2,"喜剧,动画,冒险",4,,,2018-11-22 08:33:45,2016 / 美国 / 喜剧 动画 冒险 / 拜伦·霍华德 瑞奇·摩尔 杰拉德·布什 / 金妮弗·古德温 杰森·贝特曼
2239286,宰相刘罗锅,,https://dou.img.lithub.cc/movie/2239286.jpg,1996(中国大陆),https://movie.douban.com/subject/2239286/,8.3,"喜剧,古装",,,,2018-11-22 08:33:29,1996 / 中国大陆 / 喜剧 古装 / 张子恩 石零 / 李保田 张国立
4739952,初恋这件小事,,https://dou.img.lithub.cc/movie/4739952.jpg,2012-06-05(中国大陆),https://movie.douban.com/subject/4739952/,8.5,"剧情,喜剧,爱情",,,,2018-11-22 08:33:28,2010 / 泰国 / 剧情 喜剧 爱情 / 普特鹏·普罗萨卡·那·萨克那卡林 华森·波克彭 / 平采娜·乐维瑟派布恩 马里奥·毛瑞尔
25777636,奇幻森林,,https://dou.img.lithub.cc/movie/25777636.jpg,2016-04-15(中国大陆),https://movie.douban.com/subject/25777636/,7.8,"剧情,奇幻,冒险",,,,2018-11-21 22:01:46,2016 / 英国 美国 / 剧情 奇幻 冒险 / 乔恩·费儒 / 尼尔·塞西 比尔·默瑞
1297574,英雄本色,,https://dou.img.lithub.cc/movie/1297574.jpg,2017-11-17(中国大陆),https://movie.douban.com/subject/1297574/,8.6,"剧情,动作,犯罪",,,,2018-11-21 22:01:41,1986 / 中国香港 / 剧情 动作 犯罪 / 吴宇森 / 周润发 狄龙
3596502,唐山大地震,,https://dou.img.lithub.cc/movie/3596502.jpg,2010-07-22(中国大陆),https://movie.douban.com/subject/3596502/,7.9,"剧情,历史,灾难",,,,2018-11-21 22:01:22,2010 / 中国大陆 中国香港 / 剧情 历史 灾难 / 冯小刚 / 徐帆 张静初
1292000,搏击俱乐部,,https://dou.img.lithub.cc/movie/1292000.jpg,1999-09-10(威尼斯电影节),https://movie.douban.com/subject/1292000/,9,"剧情,动作,悬疑",,,,2018-11-21 22:01:19,1999 / 美国 / 剧情 动作 悬疑 惊悚 / 大卫·芬奇 / 爱德华·诺顿 布拉德·皮特
3041806,叶问,,https://dou.img.lithub.cc/movie/3041806.jpg,2008-12-12(中国大陆),https://movie.douban.com/subject/3041806/,7.8,"剧情,动作,传记",,,,2018-11-21 22:00:43,2008 / 中国香港 中国大陆 / 剧情 动作 传记 历史 / 叶伟信 / 甄子丹 任达华
2363942,44号孩子,,https://dou.img.lithub.cc/movie/2363942.jpg,2015-04-17(美国),https://movie.douban.com/subject/2363942/,6.7,"剧情,惊悚,犯罪",,,,2018-11-21 22:00:37,2015 / 美国 / 剧情 惊悚 犯罪 / 丹尼尔·伊斯皮诺萨 / 汤姆·哈迪 加里·奥德曼
26911163,我是杀人犯,,https://dou.img.lithub.cc/movie/26911163.jpg,2016-09-20(格丁尼亚电影节),https://movie.douban.com/subject/26911163/,7.4,"剧情,惊悚,犯罪",,,,2018-11-21 22:00:29,2016 / 波兰 / 剧情 惊悚 犯罪 / 马切伊·佩普日察 / 米洛斯拉夫·哈尼斯泽斯基 阿尔卡迪乌什·雅库比克
1308779,后天,,https://dou.img.lithub.cc/movie/1308779.jpg,2004-05-28(中国大陆),https://movie.douban.com/subject/1308779/,8.3,"科幻,灾难",,,,2018-11-21 22:00:23,2004 / 美国 / 科幻 灾难 / 罗兰·艾默里奇 / 丹尼斯·奎德 杰克·吉伦哈尔
1291858,鬼子来了,,https://dou.img.lithub.cc/movie/1291858.jpg,2000-05-12(戛纳电影节),https://movie.douban.com/subject/1291858/,9.3,"剧情,喜剧",,,,2018-11-21 22:00:16,2000 / 中国大陆 / 剧情 喜剧 / 姜文 / 姜文 香川照之
6755346,妙笔生花,,https://dou.img.lithub.cc/movie/6755346.jpg,2012-01-27(圣丹斯电影节),https://movie.douban.com/subject/6755346/,7.6,"剧情,爱情",,,,2018-11-21 22:00:14,2012 / 美国 / 剧情 爱情 / 布赖恩·克卢格曼 李·施特恩塔尔 / 布莱德利·库珀 杰瑞米·艾恩斯
25983044,比利·林恩的中场战事,,https://dou.img.lithub.cc/movie/25983044.jpg,2016-11-11(中国大陆),https://movie.douban.com/subject/25983044/,8.3,"剧情,战争",,,,2018-11-21 22:00:10,2016 / 美国 英国 中国大陆 / 剧情 战争 / 李安 / 乔·阿尔文 加内特·赫德兰
2063528,盲山,,https://dou.img.lithub.cc/movie/2063528.jpg,2007-10-25(中国香港),https://movie.douban.com/subject/2063528/,8.8,"剧情,犯罪",,,,2018-11-21 21:59:51,2007 / 中国大陆 / 剧情 犯罪 / 李杨 / 黄璐 杨幼安